apiAuditId,moduleName,exportName,route,requestMethod,discoveredFrom,moduleChecksum,checksumSource,inRepo,inPkg,repoPkgChecksumDiffer,title,category,frequency,testPhase,sideEffectClass,authRequirementHypothesis,paginationKind,consumes,produces,aliasOf,replacement,deprecatedEvidence,cryptoMode,checkToken,unblock,hasCookie,localOnly,asyncFn,params,defaults,plannedCaseCount,executedCaseCount,terminalStatus,reportPath,blocker
ncm.activate_init_profile,activate_init_profile,activate_init_profile,/api/activate/initProfile,POST,"repo-module,pkg-module,types,docs:/activate/init/profile,tests",647673c5cf5a636a1129a33bf6717cd5dce7081455566e5305dbbfb1855c47f4,pkg,true,true,false,初始化名字,auth,medium,P0,reversible_write,user,none,,,,,,,false,false,false,false,true,nickname,,4,0,blocked_by_prerequisite,endpoints/ncm.activate_init_profile.md,AUTH_USER 账号缺失（B-002）；写操作/私有域已预授权但账号未到位
ncm.ad_get,ad_get,ad_get,/api/ad/get,POST/xeapi,"repo-module,pkg-module,types-missing,docs:/ad/get",90150bc9509df4b8293d1c73895f06a790bfa4e24207af9edba2a06c3391aa10,pkg,true,true,false,获取广告,other,rare,P2,read,none,none,,,,,,xeapi,false,false,false,false,true,type_ids,[object Object],5,4,partial,endpoints/ncm.ad_get.md,AUTH_USER 账号缺失（B-002）；写操作/私有域已预授权但账号未到位
ncm.ad_listening_rights,ad_listening_rights,ad_listening_rights,/api/ad/homepage/free/tab/extend/v2,POST/xeapi,"repo-module,pkg-module,types-missing,docs:/ad/listening/rights",ed07a0bed601557158826734d0a71ae2d9ef4f3c77a7e635a506fea85bf19dc0,pkg,true,true,false,获取免费听时长状态,other,rare,P2,read,none,none,,,,,,xeapi,false,false,false,false,true,,,5,4,partial,endpoints/ncm.ad_listening_rights.md,AUTH_USER 账号缺失（B-002）；写操作/私有域已预授权但账号未到位
ncm.ad_listening_rights_gain,ad_listening_rights_gain,ad_listening_rights_gain,/api/ad/listening/rights/gain,POST/xeapi,"repo-module,pkg-module,types-missing,docs:/ad/listening/rights/gain",d57d3bfcf755d5537b826789f905cc4c09d8badbf755203b4e96d8147afe12c6,pkg,true,true,false,看广告免费听歌 - 领取免费听权益,other,rare,P2,read,none,none,,,,,,xeapi,false,false,false,false,true,"reqUid,type_ids,creativeType,exposureTime,clickTime,rightsGainMethod,rightsGainDuration,extraRightsGainMethod,extraRightsGainDuration,nextRightsGainDuration,source,rightsExtJson,appInfo,installed",[object Object],5,4,partial,endpoints/ncm.ad_listening_rights_gain.md,AUTH_USER 账号缺失（B-002）；写操作/私有域已预授权但账号未到位
ncm.aidj_content_rcmd,aidj_content_rcmd,aidj_content_rcmd,/api/aidj/content/rcmd/info,POST,"repo-module,pkg-module,types,docs:/aidj/content/rcmd",aa940e83c49af5b1d57d2cd6962ecde64fbca9b58774977b388cec721ac9f428,pkg,true,true,false,私人 DJ,other,rare,P2,read,none,none,,,,,,,false,false,false,false,true,"latitude,longitude",,5,4,partial,endpoints/ncm.aidj_content_rcmd.md,AUTH_USER 账号缺失（B-002）；写操作/私有域已预授权但账号未到位
ncm.album,album,album,/api/v1/album/${query.id} (templated),POST/weapi,"repo-module,pkg-module,types,docs:/album",c7a2981784dcfd5f56196f3df3697545238f975c04956a9488bcfd2a328336af,pkg,true,true,false,专辑内容,album,high,P1,read,none,none,albumId,"albumId,songId",,,,weapi,false,false,false,false,true,id,,8,4,partial,endpoints/ncm.album.md,AUTH_USER 缺失（B-002，写操作已预授权但账号未到位）
ncm.album_detail,album_detail,album_detail,/api/vipmall/albumproduct/detail,POST/weapi,"repo-module,pkg-module,types,docs:/album/detail",585ef4c264829b1838fa2703df4bda166293266621afc10a73d577fdfc9108d3,pkg,true,true,false,数字专辑详情,album,high,P1,read,none,none,albumId,"albumId,songId",,,,weapi,false,false,false,false,true,id,,6,4,partial,endpoints/ncm.album_detail.md,AUTH_USER 缺失（B-002，写操作已预授权但账号未到位）
ncm.album_detail_dynamic,album_detail_dynamic,album_detail_dynamic,/api/album/detail/dynamic,POST/weapi,"repo-module,pkg-module,types,docs:/album/detail/dynamic",64a4c7ff56b4de0fc950ece4d26b5f12d54d6885cd16d1ce4e4dbee50f10e63c,pkg,true,true,false,专辑动态信息,album,medium,P1,read,none,none,albumId,"albumId,songId",,,,weapi,false,false,false,false,true,id,,8,4,partial,endpoints/ncm.album_detail_dynamic.md,AUTH_USER 缺失（B-002，写操作已预授权但账号未到位）
ncm.album_list,album_list,album_list,/api/vipmall/albumproduct/list,POST/weapi,"repo-module,pkg-module,types,docs:/album/list",8e914d4c08e2fe590f07de6fe72f4691bf9f5e6204e1c08a81b7d59eed7b0271,pkg,true,true,false,数字专辑-新碟上架,album,medium,P1,read,none,offset,pageToken,"albumId,songId",,,,weapi,false,false,false,false,true,"limit,offset,area,type","[object Object],[object Object],[object Object]",8,5,partial,endpoints/ncm.album_list.md,AUTH_USER 缺失（B-002，写操作已预授权但账号未到位）
ncm.album_list_style,album_list_style,album_list_style,/api/vipmall/appalbum/album/style,POST/weapi,"repo-module,pkg-module,types,docs:/album/list/style",1b46234904ea3cfd155ee4bed61c3b490523a0ef509d086b1047814b0f897a91,pkg,true,true,false,数字专辑-语种风格馆,album,medium,P1,read,none,offset,pageToken,"albumId,songId",,,,weapi,false,false,false,false,true,"limit,offset,area","[object Object],[object Object],[object Object]",8,4,partial,endpoints/ncm.album_list_style.md,AUTH_USER 缺失（B-002，写操作已预授权但账号未到位）
ncm.album_new,album_new,album_new,/api/album/new,POST/weapi,"repo-module,pkg-module,types,docs:/album/new",1e0f3a130b08a12f2ee5255772321964b1eae887442a7b1a7f2ea83cc3f08573,pkg,true,true,false,全部新碟,album,medium,P1,read,none,offset,pageToken,"albumId,songId",,,,weapi,false,false,false,false,true,"limit,offset,area","[object Object],[object Object],[object Object]",8,4,partial,endpoints/ncm.album_new.md,AUTH_USER 缺失（B-002，写操作已预授权但账号未到位）
ncm.album_newest,album_newest,album_newest,/api/discovery/newAlbum,POST/weapi,"repo-module,pkg-module,types,docs:/album/newest",3419a68a5f137a0f9142b3d6d9f8bf599d3bd7cf7d65124b2d7ab3ecd90761ce,pkg,true,true,false,最新专辑,album,high,P1,read,none,none,,"albumId,songId",,,,weapi,false,false,false,false,true,,,8,4,partial,endpoints/ncm.album_newest.md,AUTH_USER 缺失（B-002，写操作已预授权但账号未到位）
ncm.album_privilege,album_privilege,album_privilege,/api/album/privilege,POST,"repo-module,pkg-module,types,docs:/album/privilege",232c326cf9f91926b87a0d37a3dcd01ab61b6e7e7384ad02dcf199c80710991b,pkg,true,true,false,获取专辑歌曲的音质,album,medium,P1,read,none,none,albumId,"albumId,songId",,,,,false,false,false,false,true,id,,8,4,partial,endpoints/ncm.album_privilege.md,AUTH_USER 缺失（B-002，写操作已预授权但账号未到位）
ncm.album_songsaleboard,album_songsaleboard,album_songsaleboard,/api/feealbum/songsaleboard/${type}/type (templated),POST/weapi,"repo-module,pkg-module,types,docs:/album_songsaleboard",48e4675ab42a2af1fd670d6e0a776fc6101f9ab8690b2869c32d5a620ddc6422,pkg,true,true,false,数字专辑&数字单曲-榜单,album,medium,P1,read,none,none,,"albumId,songId",,,,weapi,false,false,false,false,true,"albumType,type,year",[object Object],8,4,partial,endpoints/ncm.album_songsaleboard.md,AUTH_USER 缺失（B-002，写操作已预授权但账号未到位）
ncm.album_sub,album_sub,album_sub,/api/album/${query.t} (templated),POST/weapi,"repo-module,pkg-module,types,docs:/album/sub",96aa0cd0d4abc345774a33439d4133a8a01e98183e9df2a01cd41fc16c9379e1,pkg,true,true,false,收藏/取消收藏专辑,album,medium,P1,reversible_write,none,none,albumId,"albumId,songId",,,,weapi,false,false,false,false,true,"t,id",,4,0,blocked_by_prerequisite,endpoints/ncm.album_sub.md,AUTH_USER 账号缺失（B-002）；写操作/私有域已预授权但账号未到位
ncm.album_sublist,album_sublist,album_sublist,/api/album/sublist,POST/weapi,"repo-module,pkg-module,types,docs:/album/sublist",f1144eaa094304e7509e509d19fa69c5cf25dfaf04328513a89f284438bad779,pkg,true,true,false,已收藏专辑列表,album,high,P1,reversible_write,none,offset,pageToken,"albumId,songId",,,,weapi,false,false,false,false,true,"limit,offset","[object Object],[object Object]",4,0,blocked_by_prerequisite,endpoints/ncm.album_sublist.md,AUTH_USER 账号缺失（B-002）；写操作/私有域已预授权但账号未到位
ncm.api,api,api,direct-call,POST,"repo-module,pkg-module,types-missing,docs-missing",ffa8c64f06c4de94e325cebee7622bb1a1f616ff1c7819a9886679e8566eabfe,pkg,true,true,false,,system,medium,P5,read,none,none,,,,,,,false,false,true,false,true,"uri,data,cookie,crypto",,6,4,failed_stable,endpoints/ncm.api.md,模块级异常（非网络）：Cannot read properties of undefined (reading 'indexOf')
ncm.artist_album,artist_album,artist_album,/api/artist/albums/${query.id} (templated),POST/weapi,"repo-module,pkg-module,types,docs:/artist/album",1db0660a631daa9ba64d82b2ab21c75fce7ddf3191e23d3a440ec4e9cc93c6c6,pkg,true,true,false,歌手专辑列表,artist,high,P1,read,none,offset,"artistId,pageToken","artistId,mvId",,,,weapi,false,false,false,false,true,"limit,offset,id","[object Object],[object Object]",8,5,partial,endpoints/ncm.artist_album.md,AUTH_USER 缺失（B-002，写操作已预授权但账号未到位）
ncm.artist_desc,artist_desc,artist_desc,/api/artist/introduction,POST/weapi,"repo-module,pkg-module,types,docs:/artist/desc",4d71a04cf64daa73dc8025e72e13a1d1ed2762e226ac35f0c7fa31b3ec637432,pkg,true,true,false,歌手介绍,artist,medium,P1,read,none,none,artistId,"artistId,mvId",,,,weapi,false,false,false,false,true,id,,8,4,partial,endpoints/ncm.artist_desc.md,AUTH_USER 缺失（B-002，写操作已预授权但账号未到位）
ncm.artist_detail,artist_detail,artist_detail,/api/artist/head/info/get,POST,"repo-module,pkg-module,types,docs:/artist/detail",14948fcfea9d7e7cb6b443576c5c0ce5221218a336fccd34081566ce9274fe95,pkg,true,true,false,,artist,medium,P1,read,none,none,artistId,"artistId,mvId",,,,,false,false,false,false,true,id,,6,4,partial,endpoints/ncm.artist_detail.md,AUTH_USER 缺失（B-002，写操作已预授权但账号未到位）
ncm.artist_detail_dynamic,artist_detail_dynamic,artist_detail_dynamic,/api/artist/detail/dynamic,POST,"repo-module,pkg-module,types,docs:/artist/detail/dynamic",b4b4e9d9e5fb2e90749047ce9e43eb1c9b3f9a852e5f93acb88a75c450758e1f,pkg,true,true,false,歌手动态信息,artist,medium,P1,read,none,none,artistId,"artistId,mvId",,,,,false,false,false,false,true,id,,8,4,partial,endpoints/ncm.artist_detail_dynamic.md,AUTH_USER 缺失（B-002，写操作已预授权但账号未到位）
ncm.artist_fans,artist_fans,artist_fans,/api/artist/fans/get,POST/weapi,"repo-module,pkg-module,types,docs:/artist/fans",3c84831e872878579c0519e9ce32a755f03630aa0cc180428f69bcb921c9e27f,pkg,true,true,false,歌手粉丝,artist,medium,P1,read,none,offset,"artistId,pageToken","artistId,mvId",,,,weapi,false,false,false,false,true,"id,limit,offset","[object Object],[object Object]",8,4,partial,endpoints/ncm.artist_fans.md,AUTH_USER 缺失（B-002，写操作已预授权但账号未到位）
ncm.artist_follow_count,artist_follow_count,artist_follow_count,/api/artist/follow/count/get,POST/weapi,"repo-module,pkg-module,types,docs:/artist/follow/count",7a870fd2bb3ecc37984b8ef07eeeaf33d4783e93cf0fe46deecafe26015fc576,pkg,true,true,false,歌手粉丝数量,artist,medium,P1,read,none,none,artistId,"artistId,mvId",,,,weapi,false,false,false,false,true,id,,8,4,partial,endpoints/ncm.artist_follow_count.md,AUTH_USER 缺失（B-002，写操作已预授权但账号未到位）
ncm.artist_list,artist_list,artist_list,/api/v1/artist/list,POST/weapi,"repo-module,pkg-module,types,docs:/artist/list",b8449481406966e4a4f79316dc9791adba92c1fd57f4b4c08d68633838bd25a5,pkg,true,true,false,歌手分类,artist,medium,P1,read,none,offset,pageToken,"artistId,mvId",,,,weapi,false,false,false,false,true,"initial,offset,limit,type,area","[object Object],[object Object],[object Object]",8,5,partial,endpoints/ncm.artist_list.md,AUTH_USER 缺失（B-002，写操作已预授权但账号未到位）
ncm.artist_mv,artist_mv,artist_mv,/api/artist/mvs,POST/weapi,"repo-module,pkg-module,types,docs:/artist/mv",041bf1c2376422439aa6fdd35a820d4591ce7b2d52a539e06ed9160479805e65,pkg,true,true,false,歌手相关MV,artist,medium,P1,read,none,offset,"artistId,pageToken","artistId,mvId",,,,weapi,false,false,false,false,true,"id,limit,offset",,8,4,partial,endpoints/ncm.artist_mv.md,AUTH_USER 缺失（B-002，写操作已预授权但账号未到位）
ncm.artist_new_mv,artist_new_mv,artist_new_mv,/api/sub/artist/new/works/mv/list,POST/weapi,"repo-module,pkg-module,types,docs:/artist/new/mv",1a4cc078a24bdd9605cf68cb3b0b39e794b912649211bc0b2e80aa032dcd8ed3,pkg,true,true,false,,artist,medium,P1,read,none,cursor,pageToken,"artistId,mvId",,,,weapi,false,false,false,false,true,"limit,before",[object Object],8,4,partial,endpoints/ncm.artist_new_mv.md,未登录层 301 系统错误（接口需会话）；AUTH_ANON（游客 cookie）可满足（200）；AUTH_USER 层待补
ncm.artist_new_song,artist_new_song,artist_new_song,/api/sub/artist/new/works/song/list,POST/weapi,"repo-module,pkg-module,types,docs:/artist/new/song",f4b0987dd2e705a890bd287b348f240fe806c05731bc38ad3dd598ce7414e13a,pkg,true,true,false,,artist,medium,P1,read,none,cursor,pageToken,"artistId,mvId",,,,weapi,false,false,false,false,true,"limit,before",[object Object],8,4,partial,endpoints/ncm.artist_new_song.md,未登录层 301 系统错误（接口需会话）；AUTH_ANON（游客 cookie）可满足（200）；AUTH_USER 层待补
ncm.artist_new_song_mv_list_v2,artist_new_song_mv_list_v2,artist_new_song_mv_list_v2,/api/sub/artist/new/works/song-mv/list/v2,POST/eapi,"repo-module,pkg-module,types,docs:/artist/new/song/mv/list/v2",be7050917a283528fa03d86b0b70ec3a7e4408bff7aa3e9764b595f852025088,pkg,true,true,false,获取关注歌手的新歌曲和 MV,artist,medium,P1,read,none,cursor,pageToken,"artistId,mvId",,,,eapi,false,false,false,false,true,"startTimestamp,before,sourceType,limit,firstRequest","[object Object],[object Object]",8,4,partial,endpoints/ncm.artist_new_song_mv_list_v2.md,未登录层 301 系统错误（接口需会话）；AUTH_ANON（游客 cookie）可满足（200）；AUTH_USER 层待补
ncm.artist_new_song_playall,artist_new_song_playall,artist_new_song_playall,/api/sub/artist/new/works/song/playall,POST/eapi,"repo-module,pkg-module,types,docs:/artist/new/song/playall",bf818d91b9300ad158209a7a5bfa3692f634a334f78d93c577b56ecf49b42bca,pkg,true,true,false,获取所有关注歌手最近的 50 首新歌,artist,medium,P1,read,none,none,,"artistId,mvId",,,,eapi,false,false,false,false,true,,,8,4,partial,endpoints/ncm.artist_new_song_playall.md,未登录层 301 系统错误（接口需会话）；AUTH_ANON（游客 cookie）可满足（200）；AUTH_USER 层待补
ncm.artist_songs,artist_songs,artist_songs,/api/v1/artist/songs,POST,"repo-module,pkg-module,types,docs:/artist/songs",d8a99a25e18e7d11b66828920b2bf716ab2fce0a1d30f8ebd418f2d42ad8580e,pkg,true,true,false,,artist,high,P1,read,none,offset,"artistId,pageToken","artistId,mvId",,,,,false,false,false,false,true,"id,order,offset,limit","[object Object],[object Object],[object Object]",8,6,partial,endpoints/ncm.artist_songs.md,AUTH_USER 缺失（B-002，写操作已预授权但账号未到位）
ncm.artist_sub,artist_sub,artist_sub,/api/artist/${query.t} (templated),POST/weapi,"repo-module,pkg-module,types,docs:/artist/sub",e6e6b0cc78a12b23d8092c387eaf2e25fcacd42537b8ef68f652b7978cdffff3,pkg,true,true,false,收藏与取消收藏歌手,artist,medium,P1,reversible_write,none,none,artistId,"artistId,mvId",,,,weapi,false,false,false,false,true,"t,id",,4,0,blocked_by_prerequisite,endpoints/ncm.artist_sub.md,AUTH_USER 账号缺失（B-002）；写操作/私有域已预授权但账号未到位
ncm.artist_sublist,artist_sublist,artist_sublist,/api/artist/sublist,POST/weapi,"repo-module,pkg-module,types,docs:/artist/sublist",377be7b3da05e1a560a8718755c608135650193aa6d74241eafee0ce2eaae260,pkg,true,true,false,关注歌手列表,artist,high,P1,reversible_write,none,offset,pageToken,"artistId,mvId",,,,weapi,false,false,false,false,true,"limit,offset","[object Object],[object Object]",4,0,blocked_by_prerequisite,endpoints/ncm.artist_sublist.md,AUTH_USER 账号缺失（B-002）；写操作/私有域已预授权但账号未到位
ncm.artist_top_song,artist_top_song,artist_top_song,/api/artist/top/song,POST/weapi,"repo-module,pkg-module,types,docs:/artist/top/song",2be6bf821627e67d851b0ed75ef5faf18be7ce7a9883df66e6b4fd9da8dbee5e,pkg,true,true,false,歌手热门 50 首歌曲,artist,high,P1,read,none,none,artistId,"artistId,mvId",,,,weapi,false,false,false,false,true,id,,8,4,partial,endpoints/ncm.artist_top_song.md,AUTH_USER 缺失（B-002，写操作已预授权但账号未到位）
ncm.artist_video,artist_video,artist_video,/api/mlog/artist/video,POST/weapi,"repo-module,pkg-module,types,docs:/artist/video",546939d306d17f55177920b4aa870c5b0696353f6a6e4358a42ca41c637608fb,pkg,true,true,false,歌手相关视频,artist,medium,P1,read,none,cursor,"artistId,pageToken","artistId,mvId",,,,weapi,false,false,false,false,true,"id,size,cursor,order","[object Object],[object Object],[object Object]",8,4,partial,endpoints/ncm.artist_video.md,AUTH_USER 缺失（B-002，写操作已预授权但账号未到位）
ncm.artists,artists,artists,/api/v1/artist/${query.id} (templated),POST/weapi,"repo-module,pkg-module,types,docs:/artists",b7adc45277b86324c4a742fc95dc1a4f809d2259c10b8582307c74d0a28802ad,pkg,true,true,false,歌手单曲,artist,high,P1,read,none,none,,"artistId,mvId",,,,weapi,false,false,false,false,true,id,,6,4,partial,endpoints/ncm.artists.md,AUTH_USER 缺失（B-002，写操作已预授权但账号未到位）
ncm.audio_match,audio_match,audio_match,direct-call,direct-call,"repo-module,pkg-module,types,docs:/audio/match",68315797ca79bc202bd0884565b18227d9915ae631913fd011d8e31bcbf54513,pkg,true,true,false,,audio-match,rare,P2,read,none,none,,,,,,,false,false,false,true,true,"duration,audioFP",,5,4,partial,endpoints/ncm.audio_match.md,AUTH_USER 账号缺失（B-002）；写操作/私有域已预授权但账号未到位
ncm.avatar_upload,avatar_upload,avatar_upload,/api/user/avatar/upload/v1,POST,"repo-module,pkg-module,types,docs:/avatar/upload",39ce32dcd8de48cc16b97e7de8c3720e0782aa021e9c569b275ce0794c0dfc99,pkg,true,true,false,,profile-media,medium,P4,upload,user,none,,,,,,,false,false,false,false,true,,,7,0,blocked_by_prerequisite,endpoints/ncm.avatar_upload.md,AUTH_USER 账号缺失（B-002）；写操作/私有域已预授权但账号未到位
ncm.banner,banner,banner,/api/v2/banner/get,POST,"repo-module,pkg-module,types,docs:/banner",8afd160679a17c7b6b9873e3aa855b32890f9a6354122a701858260657bd4025,pkg,true,true,false,首页轮播图,other,high,P0,read,none,none,,"songId,playlistId",,,,,false,false,false,false,true,type,,6,6,partial,endpoints/ncm.banner.md,AUTH_USER 登录层缺失（账号待申请，见 B-002）；三态对比未完成
ncm.batch,batch,batch,/api/batch,POST,"repo-module,pkg-module,types,docs:/batch",c30959948c3af19bfec68474743fa3bcbcd8598c1d5296fcc88c7e784ed70bf9,pkg,true,true,false,批量请求接口,system,medium,P5,read,none,none,,,,,,,false,false,false,false,true,,,6,4,partial,endpoints/ncm.batch.md,AUTH_USER 账号缺失（B-002）；写操作/私有域已预授权但账号未到位
ncm.broadcast_category_region_get,broadcast_category_region_get,broadcast_category_region_get,/api/voice/broadcast/category/region/get,POST,"repo-module,pkg-module,types,docs:/broadcast/category/region/get",e623da657e26740e63bf4b789f00378a6b8af7b3b7be624003e9cef8f9d1e355,pkg,true,true,false,广播电台 - 分类/地区信息,broadcast,rare,P2,read,none,none,,,,,,,false,false,false,false,true,,,5,4,partial,endpoints/ncm.broadcast_category_region_get.md,AUTH_USER 账号缺失（B-002）；写操作/私有域已预授权但账号未到位
ncm.broadcast_channel_collect_list,broadcast_channel_collect_list,broadcast_channel_collect_list,/api/content/channel/collect/list,POST,"repo-module,pkg-module,types,docs:/broadcast/channel/collect/list",f93bc83e86f034cfc468b367d5abf1a8152c5d6d569eedf7189e8e358c7e9088,pkg,true,true,false,广播电台 - 我的收藏,broadcast,rare,P2,read,none,offset,pageToken,,,,,,false,false,false,false,true,limit,[object Object],10,4,partial,endpoints/ncm.broadcast_channel_collect_list.md,AUTH_USER 账号缺失（B-002）；写操作/私有域已预授权但账号未到位
ncm.broadcast_channel_currentinfo,broadcast_channel_currentinfo,broadcast_channel_currentinfo,/api/voice/broadcast/channel/currentinfo,POST,"repo-module,pkg-module,types,docs:/broadcast/channel/currentinfo",d27165b614e9e5246b51a1cdbc6df4a768b812500c2a418c75b9262f0fdce80a,pkg,true,true,false,广播电台 - 电台信息,broadcast,rare,P2,read,none,none,,,,,,,false,false,false,false,true,id,,5,4,partial,endpoints/ncm.broadcast_channel_currentinfo.md,AUTH_USER 账号缺失（B-002）；写操作/私有域已预授权但账号未到位
ncm.broadcast_channel_list,broadcast_channel_list,broadcast_channel_list,/api/voice/broadcast/channel/list,POST,"repo-module,pkg-module,types,docs:/broadcast/channel/list",c72eed6fc180851a21178567685b9498747569e8d09e74f81c084b26787b943e,pkg,true,true,false,广播电台 - 全部电台,broadcast,rare,P2,read,none,offset,pageToken,,,,,,false,false,false,false,true,"categoryId,regionId,limit,lastId,score","[object Object],[object Object],[object Object],[object Object],[object Object]",10,4,partial,endpoints/ncm.broadcast_channel_list.md,AUTH_USER 账号缺失（B-002）；写操作/私有域已预授权但账号未到位
ncm.broadcast_sub,broadcast_sub,broadcast_sub,/api/content/interact/collect,POST,"repo-module,pkg-module,types,docs:/broadcast/sub",33e501271b78b54c93f55502ed7a38c0ff0742b9f13a86258fd7234692ef7f36,pkg,true,true,false,广播电台 - 收藏/取消收藏电台,broadcast,rare,P2,reversible_write,none,none,,,,,,,false,false,false,false,true,"t,id",,4,0,blocked_by_prerequisite,endpoints/ncm.broadcast_sub.md,AUTH_USER 账号缺失（B-002）；写操作/私有域已预授权但账号未到位
ncm.calendar,calendar,calendar,/api/mcalendar/detail,POST/weapi,"repo-module,pkg-module,types,docs:/calendar",342c500c1e7ca46d29b50d38683b68c06ff0ef31562e4faa76b178571d066050,pkg,true,true,false,,system,rare,P2,read,none,none,,,,,,weapi,false,false,false,false,true,"startTime,endTime",,5,4,partial,endpoints/ncm.calendar.md,AUTH_USER 账号缺失（B-002）；写操作/私有域已预授权但账号未到位
ncm.captcha_safe_sent,captcha_safe_sent,captcha_safe_sent,/api/sms/captcha/safe/sent,POST/eapi,"repo-module,pkg-module,types-missing,docs:/captcha/safe/sent",bfae4d079821e8dd4d19e4793c0421f8f8a8305ac472a31fc55d3d0b6b3b6560,pkg,true,true,false,发送安全验证码,auth,medium,P0,credential,none,none,,,,,,eapi,false,false,false,false,true,ctcode,[object Object],8,0,blocked_by_prerequisite,endpoints/ncm.captcha_safe_sent.md,AUTH_USER 账号缺失（B-002）；写操作/私有域已预授权但账号未到位
ncm.captcha_sent,captcha_sent,captcha_sent,/api/sms/captcha/sent,POST/weapi,"repo-module,pkg-module,types,docs:/captcha/sent",fca60af2264bff3419131081e9e15ad7544b8f2b15fed182b4e484e71868bb6f,pkg,true,true,false,发送验证码,auth,high,P0,credential,none,none,,,,,,weapi,false,false,false,false,true,"ctcode,phone",[object Object],8,0,blocked_by_prerequisite,endpoints/ncm.captcha_sent.md,AUTH_USER 账号缺失（B-002）；写操作/私有域已预授权但账号未到位
ncm.captcha_sent_v1,captcha_sent_v1,captcha_sent_v1,/api/middle/captcha/sent/v1,POST/eapi,"repo-module,pkg-module,types-missing,docs:/captcha/sent/v1",0fd3996f540e11fa99b8dae0b5eb95909e09dec557cf5bdcfa76bfb4abe1a99e,pkg,true,true,false,发送验证码,auth,medium,P0,credential,none,none,,,,,,eapi,false,false,false,false,true,"ctcode,phone",[object Object],8,0,blocked_by_prerequisite,endpoints/ncm.captcha_sent_v1.md,AUTH_USER 账号缺失（B-002）；写操作/私有域已预授权但账号未到位
ncm.captcha_verify,captcha_verify,captcha_verify,/api/sms/captcha/verify,POST/weapi,"repo-module,pkg-module,types,docs:/captcha/verify",4f5f1fe741be69a91d9cb548b769bff964959651fae9034b2b73bb894bac477e,pkg,true,true,false,校验验证码,auth,medium,P0,credential,none,none,,"cookie,uid",,,,weapi,false,false,false,false,true,"ctcode,phone,captcha",[object Object],8,0,blocked_by_prerequisite,endpoints/ncm.captcha_verify.md,AUTH_USER 账号缺失（B-002）；写操作/私有域已预授权但账号未到位
ncm.cellphone_existence_check,cellphone_existence_check,cellphone_existence_check,/api/cellphone/existence/check,POST/eapi,"repo-module,pkg-module,types,docs:/cellphone/existence/check",f96b7b5158f0d3f19bd6eca248ceae44c75138ab1222f363de56d05717317071,pkg,true,true,false,检测手机号码是否已注册,auth,medium,P0,credential,none,none,,,,,,eapi,false,false,false,false,true,"phone,countrycode",,8,0,blocked_by_prerequisite,endpoints/ncm.cellphone_existence_check.md,AUTH_USER 账号缺失（B-002）；写操作/私有域已预授权但账号未到位
ncm.chart_detail,chart_detail,chart_detail,/api/chart/detail,POST,"repo-module,pkg-module,types,docs:/chart/detail",ff8ea996852aedbb2aed5056e5352d074edef6d18f7d215921dd3d1a3dd6aa60,pkg,true,true,false,获取指定维度音乐排行榜详情,toplist,medium,P2,read,none,none,,,,,,,false,false,false,false,true,"chartCode,targetId,targetType",,6,0,blocked_by_prerequisite,endpoints/ncm.chart_detail.md,缺夹具：chartId 无生产者（池为空）
ncm.chart_song_detail,chart_song_detail,chart_song_detail,/api/chart/song/detail,POST,"repo-module,pkg-module,types,docs:/chart/song/detail",93a7750ec0e72d6a1fef9541569f9393d85385a68667f5618c04f94807ff4dac,pkg,true,true,false,获取指定维度音乐排行榜列表,toplist,medium,P2,read,none,none,,,,,,,false,false,false,false,true,"chartCode,targetId,targetType",,6,0,blocked_by_prerequisite,endpoints/ncm.chart_song_detail.md,缺夹具：chartId 无生产者（池为空）
ncm.check_music,check_music,check_music,/api/song/enhance/player/url,POST/weapi,"repo-module,pkg-module,types,docs:/check/music",cd825fa064bb6e5e38ecff7069cfe3cbea0c293e1b3ee62a176a49051d425663,pkg,true,true,false,歌曲可用性,other,high,P1,read,user,none,,,,,,weapi,false,false,false,false,true,"id,br",,6,5,partial,endpoints/ncm.check_music.md,AUTH_USER 缺失（B-002，写操作已预授权但账号未到位）
ncm.cloud,cloud,cloud,/api/cloud/upload/check,POST,"repo-module,pkg-module,types,docs:/cloud",1da4649d01b03aed97c2fb8ff88fa484fd48e0e1eb10c43023b15f0710586031,pkg,true,true,false,,cloud,medium,P5,read,user,none,,,,,,,false,false,false,false,true,songFile,,6,4,failed_stable,endpoints/ncm.cloud.md,模块级异常（非网络）：Cannot read properties of undefined (reading 'name')
ncm.cloud_import,cloud_import,cloud_import,/api/cloud/upload/check/v2,POST,"repo-module,pkg-module,types,docs:/cloud/import",208a1295b6127ad80248fc5be49b3467e222f39cac5636cf843b52234c722b8a,pkg,true,true,false,云盘导入歌曲,cloud,medium,P2,upload,user,none,,,,,,,false,false,false,false,true,"id,artist,album,md5,bitrate,fileSize,song,fileType","[object Object],[object Object]",7,0,blocked_by_safety,endpoints/ncm.cloud_import.md,支付/购买类：仅静态分析与负向探测，成功路径不执行（手册 §12.8）
ncm.cloud_lyric_get,cloud_lyric_get,cloud_lyric_get,/api/cloud/lyric/get,POST/eapi,"repo-module,pkg-module,types,docs:/cloud/lyric/get",589733567c1353036b7d99365258379f9fb510edba20a0704690955ad50b71b4,pkg,true,true,false,获取云盘歌词,cloud,medium,P2,reversible_write,user,none,userId,,,,,eapi,false,false,false,false,true,"uid,sid",,4,0,blocked_by_prerequisite,endpoints/ncm.cloud_lyric_get.md,AUTH_USER 账号缺失（B-002）；写操作/私有域已预授权但账号未到位
ncm.cloud_match,cloud_match,cloud_match,/api/cloud/user/song/match,POST/weapi,"repo-module,pkg-module,types,docs:/cloud/match",fcc3202bab998fb1ab6d9b5286b8c29a78a968f7e79823c4afae99b11d0ce653,pkg,true,true,false,,cloud,medium,P2,reversible_write,user,none,userId,,,,,weapi,false,false,false,false,true,"uid,sid,asid",,4,0,blocked_by_prerequisite,endpoints/ncm.cloud_match.md,AUTH_USER 账号缺失（B-002）；写操作/私有域已预授权但账号未到位
ncm.cloud_upload_complete,cloud_upload_complete,cloud_upload_complete,/api/upload/cloud/info/v2,POST,"repo-module,pkg-module,types,docs-missing",cc122ef92836e95d8aa97dd45779c7b64da00213a90daffec1c6bb357825c044,pkg,true,true,false,,cloud,medium,P2,upload,user,none,,,,,,,false,false,false,false,true,,,7,0,blocked_by_prerequisite,endpoints/ncm.cloud_upload_complete.md,AUTH_USER 账号缺失（B-002）；写操作/私有域已预授权但账号未到位
ncm.cloud_upload_token,cloud_upload_token,cloud_upload_token,/api/cloud/upload/check,POST/weapi,"repo-module,pkg-module,types,docs-missing",221f2cacd49d9e8468bf7ffb5e80f7987ac3592901c3aac1b7491de2a661f40d,pkg,true,true,false,,cloud,medium,P2,upload,user,none,,,,,,weapi,false,false,false,false,true,,,7,0,blocked_by_prerequisite,endpoints/ncm.cloud_upload_token.md,AUTH_USER 账号缺失（B-002）；写操作/私有域已预授权但账号未到位
ncm.cloudsearch,cloudsearch,cloudsearch,/api/cloudsearch/pc,POST,"repo-module,pkg-module,types,docs-missing",2c831a3a86413c2747b92970041387fcdb934aba5aabf9a6c2f91816ade80657,pkg,true,true,false,搜索,search,high,P0,read,none,offset,pageToken,"songId,artistId,albumId,playlistId,mvId,videoId,djId",,,,,false,false,false,false,true,"keywords,type,limit,offset","[object Object],[object Object],[object Object]",10,8,partial,endpoints/ncm.cloudsearch.md,AUTH_USER 登录层缺失（账号待申请，见 B-002）；三态对比未完成
ncm.comment,comment,comment,/api/resource/comments/${query.t} (templated),POST/eapi,"repo-module,pkg-module,types,docs:/comment",fa2046784eb7e3d37e7ab3067e6f366d94b40e26fc78776e76251c6be0f50469,pkg,true,true,false,发送与删除评论,other,medium,P1,read,none,none,"commentId,threadId","commentId,threadId",,,,eapi,false,false,false,false,true,"t,type,id,threadId,content,commentId",,6,4,partial,endpoints/ncm.comment.md,AUTH_USER 缺失（B-002，写操作已预授权但账号未到位）
ncm.comment_add,comment_add,comment_add,/api/resource/comments/add,POST/xeapi,"repo-module,pkg-module,types-missing,docs-missing",26ed6f24769517b30e10eacbc8712bf82f780bfed56e5ab61b25dab1bb1fa550,pkg,true,true,false,发送评论,comment,high,P1,reversible_write,user,none,targetResourceId,"commentId,threadId",,,,xeapi,false,false,false,false,true,"type,id,content",,4,0,blocked_by_prerequisite,endpoints/ncm.comment_add.md,AUTH_USER 账号缺失（B-002）；写操作/私有域已预授权但账号未到位
ncm.comment_album,comment_album,comment_album,/api/v1/resource/comments/R_AL_3_${query.id} (templated),POST/weapi,"repo-module,pkg-module,types,docs:/comment/album",08d651f8b4751461378cfa9755fbe9b142213e2d2dd329de15d661e4e43ddae5,pkg,true,true,false,专辑评论,comment,high,P1,read,none,cursor,"targetResourceId,pageToken","commentId,threadId",,,,weapi,false,false,false,false,true,"id,limit,offset,before","[object Object],[object Object],[object Object]",8,4,partial,endpoints/ncm.comment_album.md,AUTH_USER 缺失（B-002，写操作已预授权但账号未到位）
ncm.comment_delete,comment_delete,comment_delete,/api/resource/comments/delete,POST/xeapi,"repo-module,pkg-module,types-missing,docs-missing",10ba851110e5ee54285930be10794192904fcd286097514c7b0f34afd7f7c984,pkg,true,true,false,删除评论,comment,high,P1,reversible_write,user,none,targetResourceId,"commentId,threadId",,,,xeapi,false,false,false,false,true,"cid,type,id",,4,0,blocked_by_prerequisite,endpoints/ncm.comment_delete.md,AUTH_USER 账号缺失（B-002）；写操作/私有域已预授权但账号未到位
ncm.comment_dj,comment_dj,comment_dj,/api/v1/resource/comments/A_DJ_1_${query.id} (templated),POST/weapi,"repo-module,pkg-module,types,docs:/comment/dj",9d5d445ca307b5fac1a265f4bdfc81aaf8bd7a6013df2f15d4376ce3b02b775b,pkg,true,true,false,电台评论,comment,high,P1,read,none,cursor,"targetResourceId,pageToken","commentId,threadId",,,,weapi,false,false,false,false,true,"id,limit,offset,before","[object Object],[object Object],[object Object]",8,4,partial,endpoints/ncm.comment_dj.md,AUTH_USER 缺失（B-002，写操作已预授权但账号未到位）
ncm.comment_event,comment_event,comment_event,/api/v1/resource/comments/${query.threadId} (templated),POST/weapi,"repo-module,pkg-module,types,docs:/comment/event",a23a51f29c800883f1b95cc8ef3b57e5654642fca7e9be4d2a909efe5c08907a,pkg,true,true,false,获取动态评论,comment,medium,P1,read,none,cursor,"threadId,pageToken","commentId,threadId",,,,weapi,false,false,false,false,true,"limit,offset,before,threadId","[object Object],[object Object],[object Object]",8,0,blocked_by_prerequisite,endpoints/ncm.comment_event.md,缺夹具：eventId 无生产者（池为空）
ncm.comment_floor,comment_floor,comment_floor,/api/resource/comment/floor/get,POST/weapi,"repo-module,pkg-module,types,docs:/comment/floor",78593f31a824e7c0d65bcbbd29ac32be62303195792c2adc8ed9e20be697cc8a,pkg,true,true,false,,comment,medium,P1,read,none,cursor,"targetResourceId,pageToken","commentId,threadId",,,,weapi,false,false,false,false,true,"type,parentCommentId,id,time,limit",[object Object],8,4,partial,endpoints/ncm.comment_floor.md,AUTH_USER 缺失（B-002，写操作已预授权但账号未到位）
ncm.comment_hot,comment_hot,comment_hot,/api/v1/resource/hotcomments/${query.type}${query.id} (templated),POST/weapi,"repo-module,pkg-module,types,docs:/comment/hot",94fafa467651ee90fa732d4e745696decd598b31f7d08abf234d8ff1f0009c6d,pkg,true,true,false,热门评论,comment,high,P1,read,none,cursor,"targetResourceId,pageToken","commentId,threadId",,,,weapi,false,false,false,false,true,"type,id,limit,offset,before","[object Object],[object Object],[object Object]",8,4,partial,endpoints/ncm.comment_hot.md,AUTH_USER 缺失（B-002，写操作已预授权但账号未到位）
ncm.comment_hug_list,comment_hug_list,comment_hug_list,/api/v2/resource/comments/hug/list,POST,"repo-module,pkg-module,types,docs:/comment/hug/list",5d54a3d1ec0aab5bb765cfe4fe46322dc203aa664b18cc3d3f025a2da3677524,pkg,true,true,false,,comment,medium,P1,read,none,cursor,"userId,pageToken","commentId,threadId",,,,,false,false,false,false,true,"type,sid,uid,cid,cursor,page,idCursor,pageSize","[object Object],[object Object],[object Object]",8,3,partial,endpoints/ncm.comment_hug_list.md,AUTH_USER 缺失（B-002，写操作已预授权但账号未到位）
ncm.comment_info_list,comment_info_list,comment_info_list,/api/resource/commentInfo/list,POST/weapi,"repo-module,pkg-module,types,docs:/comment/info/list",c0b6dd8ff3c09ef9541344c01d3525bb2e83fdd1b504f2fee71d5d99abf85730,pkg,true,true,false,评论统计数据,comment,medium,P1,read,none,none,targetResourceId,"commentId,threadId",,,,weapi,false,false,false,false,true,"ids,id,type",,8,4,partial,endpoints/ncm.comment_info_list.md,AUTH_USER 账号缺失（B-002）；写操作/私有域已预授权但账号未到位
ncm.comment_like,comment_like,comment_like,/api/v1/comment/${query.t} (templated),POST/weapi,"repo-module,pkg-module,types,docs:/comment/like",ccbb0b2114b1301022fafe4b5ca2265bd1861378500c3ef1978a06ed8c3b50bf,pkg,true,true,false,点赞与取消点赞评论,comment,high,P1,reversible_write,user,none,"targetResourceId,threadId","commentId,threadId",,,,weapi,false,false,false,false,true,"t,type,id,cid,threadId",,4,0,blocked_by_prerequisite,endpoints/ncm.comment_like.md,AUTH_USER 账号缺失（B-002）；写操作/私有域已预授权但账号未到位
ncm.comment_music,comment_music,comment_music,/api/v1/resource/comments/R_SO_4_${query.id} (templated),POST/weapi,"repo-module,pkg-module,types,docs:/comment/music",f2da30b1e7bf7028c5679cc77314a91936e58cd2679409d9040d3ba7e5d1c1ad,pkg,true,true,false,歌曲评论,comment,high,P1,read,none,cursor,"targetResourceId,pageToken","commentId,threadId",,,,weapi,false,false,false,false,true,"id,limit,offset,before","[object Object],[object Object],[object Object]",8,5,partial,endpoints/ncm.comment_music.md,AUTH_USER 缺失（B-002，写操作已预授权但账号未到位）
ncm.comment_mv,comment_mv,comment_mv,/api/v1/resource/comments/R_MV_5_${query.id} (templated),POST/weapi,"repo-module,pkg-module,types,docs:/comment/mv",e412c1ba6bdf7230d690cffc1c6f25cbfbe6a9394ddc9c2c937192c9949e5acc,pkg,true,true,false,MV评论,comment,high,P1,read,none,cursor,"targetResourceId,pageToken","commentId,threadId",,,,weapi,false,false,false,false,true,"id,limit,offset,before","[object Object],[object Object],[object Object]",8,4,partial,endpoints/ncm.comment_mv.md,AUTH_USER 缺失（B-002，写操作已预授权但账号未到位）
ncm.comment_new,comment_new,comment_new,/api/v2/resource/comments,POST,"repo-module,pkg-module,types,docs:/comment/new",5434cdaf8854cd77d654fc54a3588752a1912a34922d3974fe40b73dbde82348,pkg,true,true,false,评论,comment,high,P1,read,none,cursor,"targetResourceId,pageToken","commentId,threadId",,,,,false,false,false,false,true,"type,id,pageSize,pageNo,sortType,cursor,showInner",,8,5,partial,endpoints/ncm.comment_new.md,AUTH_USER 缺失（B-002，写操作已预授权但账号未到位）
ncm.comment_playlist,comment_playlist,comment_playlist,/api/v1/resource/comments/A_PL_0_${query.id} (templated),POST/weapi,"repo-module,pkg-module,types,docs:/comment/playlist",43770523b279a41c88c07c77133b2e93895b90bd83a421d6073269dde3609a9a,pkg,true,true,false,歌单评论,comment,high,P1,read,none,cursor,"targetResourceId,pageToken","commentId,threadId",,,,weapi,false,false,false,false,true,"id,limit,offset,before","[object Object],[object Object],[object Object]",8,4,partial,endpoints/ncm.comment_playlist.md,AUTH_USER 缺失（B-002，写操作已预授权但账号未到位）
ncm.comment_reply,comment_reply,comment_reply,/api/v1/resource/comments/reply,POST/xeapi,"repo-module,pkg-module,types-missing,docs-missing",53d7b48ab3058b34d048cc726d3e886ba828676b0ed5f0ed34b1fd63951b4bf5,pkg,true,true,false,发送评论,comment,high,P1,reversible_write,user,none,targetResourceId,"commentId,threadId",,,,xeapi,false,false,false,false,true,"type,id,cid,content",,4,0,blocked_by_prerequisite,endpoints/ncm.comment_reply.md,AUTH_USER 账号缺失（B-002）；写操作/私有域已预授权但账号未到位
ncm.comment_report,comment_report,comment_report,/api/report/reportcomment,POST,"repo-module,pkg-module,types,docs:/comment/report",27744a77501b431a4ef7b81bd25a6f6e9a6a0c01832acfa60f2c6e6185f126d2,pkg,true,true,false,举报评论,comment,medium,P1,reversible_write,user,none,targetResourceId,"commentId,threadId",,,,,false,false,false,false,true,"id,cid,reason",,4,0,blocked_by_prerequisite,endpoints/ncm.comment_report.md,AUTH_USER 账号缺失（B-002）；写操作/私有域已预授权但账号未到位
ncm.comment_video,comment_video,comment_video,/api/v1/resource/comments/R_VI_62_${query.id} (templated),POST/weapi,"repo-module,pkg-module,types,docs:/comment/video",80a11779d1782cda8e1f354af0724f7aadbcfe86afde7bec8af202dcee0ec420,pkg,true,true,false,视频评论,comment,high,P1,read,none,cursor,"targetResourceId,pageToken","commentId,threadId",,,,weapi,false,false,false,false,true,"id,limit,offset,before","[object Object],[object Object],[object Object]",8,0,blocked_by_prerequisite,endpoints/ncm.comment_video.md,AUTH_USER 账号缺失（B-002）；写操作/私有域已预授权但账号未到位
ncm.countries_code_list,countries_code_list,countries_code_list,/api/lbs/countries/v1,POST,"repo-module,pkg-module,types,docs:/countries/code/list",a26131b47d7b1bf8942dd1756100b4e2f3767ed9bc73398dd9968740d9606721,pkg,true,true,false,国家编码列表,auth,rare,P0,read,none,none,,,,,,,false,false,false,false,true,,,5,4,partial,endpoints/ncm.countries_code_list.md,AUTH_USER 账号缺失（B-002）；写操作/私有域已预授权但账号未到位
ncm.creator_authinfo_get,creator_authinfo_get,creator_authinfo_get,/api/user/creator/authinfo/get,POST,"repo-module,pkg-module,types,docs-missing",a42d2b8d2732fabc84b809d221477f2214ecd1790ce2157914d82a53918a445b,pkg,true,true,false,获取达人用户信息,other,rare,P5,read,none,none,,,,,,,false,false,false,false,true,,,5,4,partial,endpoints/ncm.creator_authinfo_get.md,AUTH_USER 账号缺失（B-002）；写操作/私有域已预授权但账号未到位
ncm.daily_signin,daily_signin,daily_signin,/api/point/dailyTask,POST,"repo-module,pkg-module,types,docs:/daily_signin",6b6183fefb762f25ef5b46682b7556878227298fd878f38d4b899275f94c53c7,pkg,true,true,false,签到,sign,high,P3,reversible_write,user,none,,,,,,,false,false,false,false,true,type,[object Object],4,0,blocked_by_prerequisite,endpoints/ncm.daily_signin.md,AUTH_USER 账号缺失（B-002）；写操作/私有域已预授权但账号未到位
ncm.decrypt,decrypt,decrypt,direct-call,direct-call,"repo-module,pkg-module,types-missing,docs-missing",1911cfd130ff5567cf8877a2bcd48b23b2b73a6ded79a57279c34de2aa7f3121,pkg,true,true,true,,other,medium,P5,read,none,none,,,,,,,false,false,false,true,true,"crypto,data,hexString,isReq",,6,4,partial,endpoints/ncm.decrypt.md,AUTH_USER 账号缺失（B-002）；写操作/私有域已预授权但账号未到位
ncm.device_kickoff,device_kickoff,device_kickoff,/api/middle/user/security/device/kickoff,POST/eapi,"repo-module,pkg-module,types-missing,docs:/device/kickoff",6cc52fdd36ec40354f36259735ccb12437b0fafbaa55c6774b2687d467216214,pkg,true,true,false,强制下线设备,device,rare,P4,reversible_write,user,none,,,,,,eapi,false,false,false,false,true,"deviceKey,captcha",[object Object],4,0,blocked_by_prerequisite,endpoints/ncm.device_kickoff.md,AUTH_USER 账号缺失（B-002）；写操作/私有域已预授权但账号未到位
ncm.device_list,device_list,device_list,/api/middle/user/device/list,POST/eapi,"repo-module,pkg-module,types-missing,docs:/device/list",f031beb97bb35910d92a076a9212308ca78ace8c19b588e2ff6562fe265c0dc8,pkg,true,true,false,登录设备列表,device,rare,P4,read,user,none,,,,,,eapi,false,false,false,false,true,,,5,0,blocked_by_prerequisite,endpoints/ncm.device_list.md,AUTH_USER 账号缺失（B-002）；写操作/私有域已预授权但账号未到位
ncm.digitalAlbum_detail,digitalAlbum_detail,digitalAlbum_detail,/api/vipmall/albumproduct/detail,POST/weapi,"repo-module,pkg-module,types,docs:/digitalAlbum/detail",4133463315b360164c34ad1b1df10d7208f35b1c9e5e10516748113f5539e50c,pkg,true,true,false,数字专辑详情,digital-album,medium,P2,read,user,none,,,,,,weapi,false,false,false,false,true,id,,6,4,partial,endpoints/ncm.digitalAlbum_detail.md,AUTH_USER 账号缺失（B-002）；写操作/私有域已预授权但账号未到位
ncm.digitalAlbum_ordering,digitalAlbum_ordering,digitalAlbum_ordering,/api/ordering/web/digital,POST/weapi,"repo-module,pkg-module,types,docs:/digitalAlbum/ordering",415537ea0fef3299c7da3317aebd3a9e14f30e808b5604913ede066fff4451f2,pkg,true,true,false,购买数字专辑,digital-album,medium,P2,payment,user,none,,,,,,weapi,false,false,false,false,true,"payment,id,quantity",,2,0,blocked_by_safety,endpoints/ncm.digitalAlbum_ordering.md,支付/购买类：仅静态分析与负向探测，成功路径不执行（手册 §12.8）
ncm.digitalAlbum_purchased,digitalAlbum_purchased,digitalAlbum_purchased,/api/digitalAlbum/purchased,POST/weapi,"repo-module,pkg-module,types,docs:/digitalAlbum/purchased",168f964b774ea57bd7f43d748e62a2d030ce4aac7ef5754c3a9490209e2d2834,pkg,true,true,false,我的数字专辑,digital-album,medium,P2,read,user,offset,pageToken,,,,,weapi,false,false,false,false,true,"limit,offset","[object Object],[object Object]",10,0,blocked_by_prerequisite,endpoints/ncm.digitalAlbum_purchased.md,AUTH_USER 账号缺失（B-002）；写操作/私有域已预授权但账号未到位
ncm.digitalAlbum_sales,digitalAlbum_sales,digitalAlbum_sales,/api/vipmall/albumproduct/album/query/sales,POST/weapi,"repo-module,pkg-module,types,docs:/digitalAlbum/sales",95df58a42052ce10bcdc268b69889b6acc6742a700ee7948b0ec536abb85da3a,pkg,true,true,false,数字专辑销量,digital-album,medium,P2,read,user,none,,,,,,weapi,false,false,false,false,true,ids,,6,4,partial,endpoints/ncm.digitalAlbum_sales.md,AUTH_USER 账号缺失（B-002）；写操作/私有域已预授权但账号未到位
ncm.dj_banner,dj_banner,dj_banner,/api/djradio/banner/get,POST/weapi,"repo-module,pkg-module,types,docs:/dj/banner",7deb26c97c48ca69a8d966db7366bd8637aa2a90936a987bec0a9ea09b0f469e,pkg,true,true,false,电台banner,dj,medium,P2,read,none,none,,"djId,programId,radioId",,,,weapi,false,false,false,false,true,,,6,4,partial,endpoints/ncm.dj_banner.md,AUTH_USER 登录层缺失（账号待申请，见 B-002）；三态对比未完成
ncm.dj_category_excludehot,dj_category_excludehot,dj_category_excludehot,/api/djradio/category/excludehot,POST/weapi,"repo-module,pkg-module,types,docs:/dj/category/excludehot",93ae08ebe30f89ec396f121dc0b66fa4a66eca147b804dc327c8487bfd9c1760,pkg,true,true,false,电台非热门类型,dj,medium,P2,read,none,none,,"djId,programId,radioId",,,,weapi,false,false,false,false,true,,,6,4,partial,endpoints/ncm.dj_category_excludehot.md,AUTH_USER 账号缺失（B-002）；写操作/私有域已预授权但账号未到位
ncm.dj_category_recommend,dj_category_recommend,dj_category_recommend,/api/djradio/home/category/recommend,POST/weapi,"repo-module,pkg-module,types,docs:/dj/category/recommend",63f6d8ad6a961987963227acbe9fe3132e59c1af4dd8b9617868d046097bdd2d,pkg,true,true,false,电台推荐类型,dj,medium,P2,read,none,none,,"djId,programId,radioId",,,,weapi,false,false,false,false,true,,,6,4,partial,endpoints/ncm.dj_category_recommend.md,AUTH_USER 账号缺失（B-002）；写操作/私有域已预授权但账号未到位
ncm.dj_catelist,dj_catelist,dj_catelist,/api/djradio/category/get,POST/weapi,"repo-module,pkg-module,types,docs:/dj/catelist",ccf9d0791a5ea9b78014e30d5d01b9b75f76902c33dd1ff8ae70f76f16f7b128,pkg,true,true,false,电台分类列表,dj,medium,P2,read,none,none,,"djId,programId,radioId",,,,weapi,false,false,false,false,true,,,6,4,partial,endpoints/ncm.dj_catelist.md,AUTH_USER 登录层缺失（账号待申请，见 B-002）；三态对比未完成
ncm.dj_detail,dj_detail,dj_detail,/api/djradio/v2/get,POST/weapi,"repo-module,pkg-module,types,docs:/dj/detail",6c9328797400f9ffa06c2d19831e458a908bba65d67ddef74e8e7e033f10ecc7,pkg,true,true,false,电台详情,dj,high,P2,read,none,none,,"djId,programId,radioId",,,,weapi,false,false,false,false,true,rid,,6,4,partial,endpoints/ncm.dj_detail.md,AUTH_USER 账号缺失（B-002）；写操作/私有域已预授权但账号未到位
ncm.dj_difm_all_style_channel,dj_difm_all_style_channel,dj_difm_all_style_channel,/api/dj/difm/all/style/channel/v2,POST,"repo-module,pkg-module,types,docs:/dj/difm/all/style/channel",19a2c55b10e0d6ec743833787de21b846bb14010bc100a6706c3219e93bbd447,pkg,true,true,false,DIFM电台 - 分类,dj,medium,P2,read,none,none,,"djId,programId,radioId",,,,,false,false,false,false,true,sources,[object Object],6,4,partial,endpoints/ncm.dj_difm_all_style_channel.md,AUTH_USER 账号缺失（B-002）；写操作/私有域已预授权但账号未到位
ncm.dj_difm_channel_subscribe,dj_difm_channel_subscribe,dj_difm_channel_subscribe,/api/dj/difm/channel/subscribe,POST,"repo-module,pkg-module,types,docs:/dj/difm/channel/subscribe",0abab8dcf50b20f92587e330ee8e3ecb64673f0f62f6f5d83cac533df6b0cbfe,pkg,true,true,false,DIFM电台 - 收藏频道,dj,medium,P2,reversible_write,none,none,djId,"djId,programId,radioId",,,,,false,false,false,false,true,id,,4,0,blocked_by_prerequisite,endpoints/ncm.dj_difm_channel_subscribe.md,AUTH_USER 账号缺失（B-002）；写操作/私有域已预授权但账号未到位
ncm.dj_difm_channel_unsubscribe,dj_difm_channel_unsubscribe,dj_difm_channel_unsubscribe,/api/dj/difm/channel/unsubscribe,POST,"repo-module,pkg-module,types,docs:/dj/difm/channel/unsubscribe",c715c1592021bcec806131a1f23ca9ff8f93f3b4b8fbbb82253d37244575a1bd,pkg,true,true,false,DIFM电台 - 取消收藏频道,dj,medium,P2,reversible_write,none,none,djId,"djId,programId,radioId",,,,,false,false,false,false,true,id,,4,0,blocked_by_prerequisite,endpoints/ncm.dj_difm_channel_unsubscribe.md,AUTH_USER 账号缺失（B-002）；写操作/私有域已预授权但账号未到位
ncm.dj_difm_playing_tracks_list,dj_difm_playing_tracks_list,dj_difm_playing_tracks_list,/api/dj/difm/playing/tracks/list,POST,"repo-module,pkg-module,types,docs:/dj/difm/playing/tracks/list",1fc5dad573178be1ed8573df9b3271ae2d3096945468e0556d9462c2f3392509,pkg,true,true,false,DIFM电台 - 播放列表,dj,medium,P2,read,none,offset,pageToken,"djId,programId,radioId",,,,,false,false,false,false,true,"limit,source,channelId","[object Object],[object Object]",10,4,partial,endpoints/ncm.dj_difm_playing_tracks_list.md,AUTH_USER 账号缺失（B-002）；写操作/私有域已预授权但账号未到位
ncm.dj_difm_subscribe_channels_get,dj_difm_subscribe_channels_get,dj_difm_subscribe_channels_get,/api/dj/difm/subscribe/channels/get/v2,POST,"repo-module,pkg-module,types,docs:/dj/difm/subscribe/channels/get",9742beb8c4cea6b79a27f21806ce721d771e98682444bb0f28eae8c3125b7d18,pkg,true,true,false,DIFM电台 - 收藏列表,dj,medium,P2,read,none,none,,"djId,programId,radioId",,,,,false,false,false,false,true,sources,[object Object],6,0,blocked_by_prerequisite,endpoints/ncm.dj_difm_subscribe_channels_get.md,AUTH_USER 账号缺失（B-002）；写操作/私有域已预授权但账号未到位
ncm.dj_hot,dj_hot,dj_hot,/api/djradio/hot/v1,POST/weapi,"repo-module,pkg-module,types,docs:/dj/hot",dbd0b3aff27d160a2d74a3a32e83610a2b008c40da2b6763f316c4bd80d7421e,pkg,true,true,false,热门电台,dj,medium,P0,read,none,offset,pageToken,"djId,programId,radioId",,,,weapi,false,false,false,false,true,"limit,offset","[object Object],[object Object]",10,5,partial,endpoints/ncm.dj_hot.md,AUTH_USER 登录层缺失（账号待申请，见 B-002）；三态对比未完成
ncm.dj_paygift,dj_paygift,dj_paygift,/api/djradio/home/paygift/list,POST/weapi,"repo-module,pkg-module,types,docs:/dj/paygift",3aee122c5db0d1c358017533c01a83ddcca23e1a85961a30bad2941b6f163b03,pkg,true,true,false,付费电台,dj,medium,P2,payment,none,offset,pageToken,"djId,programId,radioId",,,,weapi,false,false,false,false,true,"limit,offset","[object Object],[object Object]",2,0,blocked_by_safety,endpoints/ncm.dj_paygift.md,支付/购买类：仅静态分析与负向探测，成功路径不执行（手册 §12.8）
ncm.dj_personalize_recommend,dj_personalize_recommend,dj_personalize_recommend,/api/djradio/personalize/rcmd,POST/weapi,"repo-module,pkg-module,types,docs:/dj/personalize/recommend",092b7061132fb584b6fb96da3928fdf14124ff889ee0f39cdc32ea3841ee729d,pkg,true,true,false,电台个性推荐,dj,medium,P2,read,none,offset,pageToken,"djId,programId,radioId",,,,weapi,false,false,false,false,true,limit,[object Object],10,4,partial,endpoints/ncm.dj_personalize_recommend.md,AUTH_USER 账号缺失（B-002）；写操作/私有域已预授权但账号未到位
ncm.dj_program,dj_program,dj_program,/api/dj/program/byradio,POST/weapi,"repo-module,pkg-module,types,docs:/dj/program",fe2c81701de14e0f83bd25d92d480fdebbfa07c3204de86525f4dc1a8e8d6de8,pkg,true,true,false,电台节目列表,dj,high,P2,read,none,offset,pageToken,"djId,programId,radioId",,,,weapi,false,false,false,false,true,"rid,limit,offset,asc","[object Object],[object Object]",10,4,partial,endpoints/ncm.dj_program.md,AUTH_USER 账号缺失（B-002）；写操作/私有域已预授权但账号未到位
ncm.dj_program_detail,dj_program_detail,dj_program_detail,/api/dj/program/detail,POST/weapi,"repo-module,pkg-module,types,docs:/dj/program/detail",dd410ba2bb21afd247568b446a3d6f5af250fe6d4e64227e1821b4d6912ce618,pkg,true,true,false,电台节目详情,dj,medium,P2,read,none,none,djId,"djId,programId,radioId",,,,weapi,false,false,false,false,true,id,,6,4,partial,endpoints/ncm.dj_program_detail.md,AUTH_USER 账号缺失（B-002）；写操作/私有域已预授权但账号未到位
ncm.dj_program_toplist,dj_program_toplist,dj_program_toplist,/api/program/toplist/v1,POST/weapi,"repo-module,pkg-module,types,docs:/dj/program/toplist",608ccf53f00c8fff7ef972d327b2c7dbd96a8e840ad8cbdc2bb2a09fab0e73f4,pkg,true,true,false,电台节目榜,dj,medium,P2,read,none,offset,pageToken,"djId,programId,radioId",,,,weapi,false,false,false,false,true,"limit,offset","[object Object],[object Object]",10,4,partial,endpoints/ncm.dj_program_toplist.md,AUTH_USER 账号缺失（B-002）；写操作/私有域已预授权但账号未到位
ncm.dj_program_toplist_hours,dj_program_toplist_hours,dj_program_toplist_hours,/api/djprogram/toplist/hours,POST/weapi,"repo-module,pkg-module,types,docs:/dj/program/toplist/hours",d99f4f34ff1cce7c50bc366ef490cd012e11561ac2f98b621f018f8ef5a2f027,pkg,true,true,false,电台24小时节目榜,dj,medium,P2,read,none,offset,pageToken,"djId,programId,radioId",,,,weapi,false,false,false,false,true,limit,[object Object],10,4,partial,endpoints/ncm.dj_program_toplist_hours.md,AUTH_USER 账号缺失（B-002）；写操作/私有域已预授权但账号未到位
ncm.dj_radio_hot,dj_radio_hot,dj_radio_hot,/api/djradio/hot,POST/weapi,"repo-module,pkg-module,types,docs:/dj/radio/hot",5aa35a821970cf530cfbe4fc72de88dd0fd1ac579aee9f18acae38df3ff20cd5,pkg,true,true,false,类别热门电台,dj,medium,P2,read,none,offset,pageToken,"djId,programId,radioId",,,,weapi,false,false,false,false,true,"cateId,limit,offset","[object Object],[object Object]",10,4,partial,endpoints/ncm.dj_radio_hot.md,AUTH_USER 账号缺失（B-002）；写操作/私有域已预授权但账号未到位
ncm.dj_recommend,dj_recommend,dj_recommend,/api/djradio/recommend/v1,POST/weapi,"repo-module,pkg-module,types,docs:/dj/recommend",20b54ab4d535afb0ea91f3cc8980300dd4cb3a76ed0f3ffc8e4340497874d610,pkg,true,true,false,精选电台,dj,medium,P2,read,none,none,,"djId,programId,radioId",,,,weapi,false,false,false,false,true,,,6,4,partial,endpoints/ncm.dj_recommend.md,AUTH_USER 账号缺失（B-002）；写操作/私有域已预授权但账号未到位
ncm.dj_recommend_type,dj_recommend_type,dj_recommend_type,/api/djradio/recommend,POST/weapi,"repo-module,pkg-module,types,docs:/dj/recommend/type",c4fa627bd2fafc9da0fb87452508eb135fe1592b4fef7f4c5a3e9a62a9e66204,pkg,true,true,false,精选电台分类,recommend,medium,P2,read,none,none,,"djId,programId,radioId",,,,weapi,false,false,false,false,true,type,,6,4,partial,endpoints/ncm.dj_recommend_type.md,AUTH_USER 账号缺失（B-002）；写操作/私有域已预授权但账号未到位
ncm.dj_sub,dj_sub,dj_sub,/api/djradio/${query.t} (templated),POST/weapi,"repo-module,pkg-module,types,docs:/dj/sub",81b970db7679002909b4c8c61fd0493b15314c2fd4b7e9da79582c18481f9ead,pkg,true,true,false,订阅与取消电台,dj,high,P2,reversible_write,none,none,,"djId,programId,radioId",,,,weapi,false,false,false,false,true,"t,rid",,4,0,blocked_by_prerequisite,endpoints/ncm.dj_sub.md,AUTH_USER 账号缺失（B-002）；写操作/私有域已预授权但账号未到位
ncm.dj_sublist,dj_sublist,dj_sublist,/api/djradio/get/subed,POST/weapi,"repo-module,pkg-module,types,docs:/dj/sublist",0905c046727d5e46ae7a0e269d9f231a07c536f85928fd4df36bd60bd1878d43,pkg,true,true,false,订阅电台列表,dj,high,P2,reversible_write,none,offset,pageToken,"djId,programId,radioId",,,,weapi,false,false,false,false,true,"limit,offset","[object Object],[object Object]",4,0,blocked_by_prerequisite,endpoints/ncm.dj_sublist.md,AUTH_USER 账号缺失（B-002）；写操作/私有域已预授权但账号未到位
ncm.dj_subscriber,dj_subscriber,dj_subscriber,/api/djradio/subscriber,POST/weapi,"repo-module,pkg-module,types,docs:/dj/subscriber",4931d102a8d9c20fe4db91de0db10a5705811eba25e45e598fb2faef9057a1fa,pkg,true,true,false,电台详情,dj,medium,P2,reversible_write,none,cursor,"djId,pageToken","djId,programId,radioId",,,,weapi,false,false,false,false,true,"time,id,limit","[object Object],[object Object]",4,4,partial,endpoints/ncm.dj_subscriber.md,AUTH_USER 账号缺失（B-002）；写操作/私有域已预授权但账号未到位
ncm.dj_today_perfered,dj_today_perfered,dj_today_perfered,/api/djradio/home/today/perfered,POST/weapi,"repo-module,pkg-module,types,docs:/dj/today/perfered",10c9a00db132c0765a5798b5adab129639151071a0d47a5a888b2954c7fc1143,pkg,true,true,false,电台今日优选,dj,medium,P2,read,none,offset,,"djId,programId,radioId",,,,weapi,false,false,false,false,true,page,[object Object],10,4,partial,endpoints/ncm.dj_today_perfered.md,AUTH_USER 账号缺失（B-002）；写操作/私有域已预授权但账号未到位
ncm.dj_toplist,dj_toplist,dj_toplist,/api/djradio/toplist,POST/weapi,"repo-module,pkg-module,types,docs:/dj/toplist",0960dae92165a20d4feff0956097243c5e296041e3111cccd0dc0d102bdb8523,pkg,true,true,false,新晋电台榜/热门电台榜,dj,medium,P2,read,none,offset,pageToken,"djId,programId,radioId",,,,weapi,false,false,false,false,true,"limit,offset,type","[object Object],[object Object]",10,4,partial,endpoints/ncm.dj_toplist.md,AUTH_USER 账号缺失（B-002）；写操作/私有域已预授权但账号未到位
ncm.dj_toplist_hours,dj_toplist_hours,dj_toplist_hours,/api/dj/toplist/hours,POST/weapi,"repo-module,pkg-module,types,docs:/dj/toplist/hours",d017899db9ee3f157b06b86a29cd3f03eca18b95b8671787dc193ba9fdeba491,pkg,true,true,false,电台24小时主播榜,dj,medium,P2,read,none,offset,pageToken,"djId,programId,radioId",,,,weapi,false,false,false,false,true,limit,[object Object],10,4,partial,endpoints/ncm.dj_toplist_hours.md,AUTH_USER 账号缺失（B-002）；写操作/私有域已预授权但账号未到位
ncm.dj_toplist_newcomer,dj_toplist_newcomer,dj_toplist_newcomer,/api/dj/toplist/newcomer,POST/weapi,"repo-module,pkg-module,types,docs:/dj/toplist/newcomer",61a98a4228fb9f463bfe32af5b1b283a515cc44f0af74d3f793aca6e451cf1e9,pkg,true,true,false,电台新人榜,dj,medium,P2,read,none,offset,pageToken,"djId,programId,radioId",,,,weapi,false,false,false,false,true,"limit,offset","[object Object],[object Object]",10,4,partial,endpoints/ncm.dj_toplist_newcomer.md,AUTH_USER 账号缺失（B-002）；写操作/私有域已预授权但账号未到位
ncm.dj_toplist_pay,dj_toplist_pay,dj_toplist_pay,/api/djradio/toplist/pay,POST/weapi,"repo-module,pkg-module,types,docs:/dj/toplist/pay",253ac327546c8001e7dca55124c38f87188cbb405599425a5ebbcae392ee0df1,pkg,true,true,false,付费精品,dj,medium,P2,read,none,offset,pageToken,"djId,programId,radioId",,,,weapi,false,false,false,false,true,limit,[object Object],10,4,partial,endpoints/ncm.dj_toplist_pay.md,AUTH_USER 账号缺失（B-002）；写操作/私有域已预授权但账号未到位
ncm.dj_toplist_popular,dj_toplist_popular,dj_toplist_popular,/api/dj/toplist/popular,POST/weapi,"repo-module,pkg-module,types,docs:/dj/toplist/popular",b9f996fcf46f840e0f8eb31a1677b9299e7484b747d677f4a2df2b9ac6bff249,pkg,true,true,false,电台最热主播榜,dj,medium,P2,read,none,offset,pageToken,"djId,programId,radioId",,,,weapi,false,false,false,false,true,limit,[object Object],10,4,partial,endpoints/ncm.dj_toplist_popular.md,AUTH_USER 账号缺失（B-002）；写操作/私有域已预授权但账号未到位
ncm.djRadio_top,djRadio_top,djRadio_top,/api/expert/worksdata/works/top/get,POST,"repo-module,pkg-module,types,docs:/djRadio/top",b66272f58a9105baa0490c609da52f327cc3898da81e8aab49bc69a35ba71f57,pkg,true,true,false,电台排行榜获取,dj,medium,P5,read,none,none,,"djId,programId,radioId",,,,,false,false,false,false,true,"djRadioId,sortIndex,dataGapDays,dataType","[object Object],[object Object],[object Object]",6,4,partial,endpoints/ncm.djRadio_top.md,AUTH_USER 账号缺失（B-002）；写操作/私有域已预授权但账号未到位
ncm.eapi_decrypt,eapi_decrypt,eapi_decrypt,direct-call,direct-call,"repo-module,pkg-module,types-missing,docs-missing",a1923294beb2496d800f4a2fce47c830d6464ff4528e23ecbdb0d1a3110c89a5,pkg,true,true,false,去除空格,other,medium,P5,read,none,none,,,,,,,false,false,false,true,true,"hexString,isReq",,6,4,partial,endpoints/ncm.eapi_decrypt.md,AUTH_USER 账号缺失（B-002）；写操作/私有域已预授权但账号未到位
ncm.event,event,event,/api/v1/event/get,POST/weapi,"repo-module,pkg-module,types,docs:/event",7a0b383fbcc246b1c9454ee17e922086a0d9b2b13ae1e0c615e41b95c1ee3e02,pkg,true,true,false,获取动态列表,social,medium,P2,read,none,cursor,,eventId,,,,weapi,false,false,false,false,true,"pagesize,lasttime",[object Object],10,0,blocked_by_prerequisite,endpoints/ncm.event.md,缺夹具：eventId 无生产者（池为空）
ncm.event_del,event_del,event_del,/api/event/delete,POST/weapi,"repo-module,pkg-module,types,docs:/event/del",65489b835ab2e2c985959e775a921458e18fb48da12fce092f73c2725ac8a4c8,pkg,true,true,false,删除动态,social,medium,P2,reversible_write,user,none,,eventId,,,,weapi,false,false,false,false,true,evId,,4,0,blocked_by_prerequisite,endpoints/ncm.event_del.md,AUTH_USER 账号缺失（B-002）；写操作/私有域已预授权但账号未到位
ncm.event_forward,event_forward,event_forward,/api/event/forward,POST,"repo-module,pkg-module,types,docs:/event/forward",5f6744ad00b7ff114a4861c776efe83803781f31a15b9d7910923066526c960f,pkg,true,true,false,转发动态,social,medium,P2,reversible_write,user,none,userId,eventId,,,,,false,false,false,false,true,"forwards,evId,uid",,4,0,blocked_by_prerequisite,endpoints/ncm.event_forward.md,AUTH_USER 账号缺失（B-002）；写操作/私有域已预授权但账号未到位
ncm.event_privacy,event_privacy,event_privacy,/api/event/privacy/op,POST,"repo-module,docs:/event/privacy,tests",550059f3473b84967d6d40093f38fd12027bafd94b9ec4e0e67e7f2f9f26cd4e,repo,true,false,false,修改本人动态的可见权限,social,rare,P2,read,user,none,,eventId,,,,,false,false,false,false,true,"evId,privacy",,5,0,blocked_by_prerequisite,endpoints/ncm.event_privacy.md,AUTH_USER 账号缺失（B-002）；写操作/私有域已预授权但账号未到位
ncm.fanscenter_basicinfo_age_get,fanscenter_basicinfo_age_get,fanscenter_basicinfo_age_get,/api/fanscenter/basicinfo/age/get,POST,"repo-module,pkg-module,types,docs-missing",9ef71a39263c27b7933fbed6295cb701cb55ab2aa3d872786b4d0daecc2c4db5,pkg,true,true,false,粉丝年龄比例,fans-center,rare,P2,read,user,none,,,,,,,false,false,false,false,true,,,5,0,blocked_by_prerequisite,endpoints/ncm.fanscenter_basicinfo_age_get.md,AUTH_USER 账号缺失（B-002）；写操作/私有域已预授权但账号未到位
ncm.fanscenter_basicinfo_gender_get,fanscenter_basicinfo_gender_get,fanscenter_basicinfo_gender_get,/api/fanscenter/basicinfo/gender/get,POST,"repo-module,pkg-module,types,docs-missing",6b31fe8ffc45f353f75e4b39d3a2ad2d05f07f373482b8ab339541c0875a67b4,pkg,true,true,false,粉丝性别比例,fans-center,rare,P2,read,user,none,,,,,,,false,false,false,false,true,,,5,0,blocked_by_prerequisite,endpoints/ncm.fanscenter_basicinfo_gender_get.md,AUTH_USER 账号缺失（B-002）；写操作/私有域已预授权但账号未到位
ncm.fanscenter_basicinfo_province_get,fanscenter_basicinfo_province_get,fanscenter_basicinfo_province_get,/api/fanscenter/basicinfo/province/get,POST,"repo-module,pkg-module,types,docs-missing",2fbfc0b62fc84adc565e6519881872c64db947974313d3f557c2c766d7dd9039,pkg,true,true,false,粉丝省份比例,fans-center,rare,P2,read,user,none,,,,,,,false,false,false,false,true,,,5,0,blocked_by_prerequisite,endpoints/ncm.fanscenter_basicinfo_province_get.md,AUTH_USER 账号缺失（B-002）；写操作/私有域已预授权但账号未到位
ncm.fanscenter_overview_get,fanscenter_overview_get,fanscenter_overview_get,/api/fanscenter/overview/get,POST,"repo-module,pkg-module,types,docs-missing",b749a87ae916d08981b1f150fbfd20b3c9b4223f00ee4764ad2d447cc88a7ad1,pkg,true,true,false,粉丝数量,fans-center,rare,P2,read,user,none,,,,,,,false,false,false,false,true,,,5,0,blocked_by_prerequisite,endpoints/ncm.fanscenter_overview_get.md,AUTH_USER 账号缺失（B-002）；写操作/私有域已预授权但账号未到位
ncm.fanscenter_trend_list,fanscenter_trend_list,fanscenter_trend_list,/api/fanscenter/trend/list,POST,"repo-module,pkg-module,types,docs-missing",9a71d1f9ee5a6c80bd60cb590318ba87bed8ca5bf7bf0360292775c00c6a1ba0,pkg,true,true,false,粉丝来源,fans-center,rare,P2,read,user,none,,,,,,,false,false,false,false,true,"startTime,endTime,type",[object Object],5,0,blocked_by_prerequisite,endpoints/ncm.fanscenter_trend_list.md,AUTH_USER 账号缺失（B-002）；写操作/私有域已预授权但账号未到位
ncm.fm_trash,fm_trash,fm_trash,/api/radio/trash/add,POST/weapi,"repo-module,pkg-module,types,docs:/fm_trash",38e183c952311259410ebe08ee5c07529f1e5bf7f3a2d7a1785bf71ccc2bb299,pkg,true,true,false,垃圾桶,recommend,high,P2,reversible_write,user,cursor,,,,,,weapi,false,false,false,false,true,"id,time",[object Object],4,0,blocked_by_prerequisite,endpoints/ncm.fm_trash.md,AUTH_USER 账号缺失（B-002）；写操作/私有域已预授权但账号未到位
ncm.follow,follow,follow,/api/user/${query.t}/${query.id} (templated),POST/weapi,"repo-module,pkg-module,types,docs:/follow",0b4a55fb6ee44718df68c030f1d695a9aac34d872c34598da2e6390ee61dceca,pkg,true,true,false,关注与取消关注用户,social,high,P3,reversible_write,user,none,,,,,,weapi,false,false,false,false,true,"t,id",,4,0,blocked_by_prerequisite,endpoints/ncm.follow.md,AUTH_USER 账号缺失（B-002）；写操作/私有域已预授权但账号未到位
ncm.get_userids,get_userids,get_userids,/api/user/getUserIds,POST/weapi,"repo-module,pkg-module,types,docs:/get/userids",e7751b89c7a01faae90183be76482fbdd4a86bbf1a2d3cf658cb8688079ccd4e,pkg,true,true,false,,social,medium,P0,read,user,none,,,,,,weapi,false,false,false,false,true,nicknames,,6,4,partial,endpoints/ncm.get_userids.md,AUTH_USER 账号缺失（B-002）；写操作/私有域已预授权但账号未到位
ncm.history_recommend_songs,history_recommend_songs,history_recommend_songs,/api/discovery/recommend/songs/history/recent,POST/weapi,"repo-module,pkg-module,types,docs:/history/recommend/songs",65e801e29d07bcee1dd68f1d28d64bb8b8affb72b68f6bee34781b0bdd2c9939,pkg,true,true,false,历史每日推荐歌曲,recommend,rare,P2,read,user,none,,"songId,playlistId",,,,weapi,false,false,false,false,true,,,5,0,blocked_by_prerequisite,endpoints/ncm.history_recommend_songs.md,AUTH_USER 账号缺失（B-002）；写操作/私有域已预授权但账号未到位
ncm.history_recommend_songs_detail,history_recommend_songs_detail,history_recommend_songs_detail,/api/discovery/recommend/songs/history/detail,POST/weapi,"repo-module,pkg-module,types,docs:/history/recommend/songs/detail",75c997da1ae4c02a4505a63e436cdad1ed24db107cdea9c905bf8bd1823f481b,pkg,true,true,false,历史每日推荐歌曲详情,recommend,rare,P2,read,user,none,,"songId,playlistId",,,,weapi,false,false,false,false,true,date,[object Object],5,0,blocked_by_prerequisite,endpoints/ncm.history_recommend_songs_detail.md,AUTH_USER 账号缺失（B-002）；写操作/私有域已预授权但账号未到位
ncm.homepage_block_page,homepage_block_page,homepage_block_page,/api/homepage/block/page,POST/weapi,"repo-module,pkg-module,types,docs:/homepage/block/page",b37f377001f3e00c7b8b3f33252f0e4ee665894fcb16a39d0ef40ae670ac2694,pkg,true,true,false,首页-发现 block page,homepage,medium,P2,read,none,cursor,pageToken,"songId,playlistId",,,,weapi,false,false,false,false,true,"refresh,cursor",,10,5,partial,endpoints/ncm.homepage_block_page.md,AUTH_USER 登录层缺失（账号待申请，见 B-002）；三态对比未完成
ncm.homepage_dragon_ball,homepage_dragon_ball,homepage_dragon_ball,/api/homepage/dragon/ball/static,POST,"repo-module,pkg-module,types,docs:/homepage/dragon/ball",04a83c84e0f618aaa3d21cd1a43db369a063c4b27353e7322f57609c2bb65d83,pkg,true,true,false,首页-发现 dragon ball,homepage,medium,P2,read,none,none,,"songId,playlistId",,,,,false,false,false,false,true,,,6,4,partial,endpoints/ncm.homepage_dragon_ball.md,AUTH_USER 账号缺失（B-002）；写操作/私有域已预授权但账号未到位
ncm.hot_topic,hot_topic,hot_topic,/api/act/hot,POST/weapi,"repo-module,pkg-module,types,docs:/hot/topic",4661fabe7faf76c32ba3534889c1964123035cecf4c299146459058a4e04ea32,pkg,true,true,false,热门话题,social,medium,P2,read,user,offset,pageToken,,,,,weapi,false,false,false,false,true,"limit,offset","[object Object],[object Object]",10,4,partial,endpoints/ncm.hot_topic.md,AUTH_USER 账号缺失（B-002）；写操作/私有域已预授权但账号未到位
ncm.hug_comment,hug_comment,hug_comment,/api/v2/resource/comments/hug/listener,POST,"repo-module,pkg-module,types,docs:/hug/comment",9b57787aa707d13b5aaad725f229ec1edb72106fffeca0b5ad193aeaebb88c56,pkg,true,true,false,,social,medium,P2,reversible_write,user,none,userId,,,,,,false,false,false,false,true,"type,sid,uid,cid",,4,0,blocked_by_prerequisite,endpoints/ncm.hug_comment.md,AUTH_USER 账号缺失（B-002）；写操作/私有域已预授权但账号未到位
ncm.inner_version,inner_version,inner_version,direct-call,direct-call,"repo-module,pkg-module,types-missing,docs:/inner/version",a046cb42d1d6099da72b6984df3dae12730be9f1eca77a076c694c48c85bc573,pkg,true,true,false,,system,high,P0,read,none,none,,,,,,,false,false,false,true,true,,,6,4,passed,endpoints/ncm.inner_version.md,
ncm.lbs_city_code,lbs_city_code,lbs_city_code,/api/lbs/city/code,POST,"repo-module,pkg-module,types,docs:/lbs/city/code",58d80bbb4531d45f6999179f09d3e763a89a3f5a9b0fd39eef4000d4b97d88d3,pkg,true,true,false,多级行政区划数据获取接口,system,medium,P5,read,none,none,,,,,,,false,false,false,false,true,bizCode,[object Object],6,0,blocked_by_prerequisite,endpoints/ncm.lbs_city_code.md,AUTH_USER 账号缺失（B-002）；写操作/私有域已预授权但账号未到位
ncm.like,like,like,/api/radio/like,POST/weapi,"repo-module,pkg-module,types,docs:/like",475a4f8880ce2fac8c5521533b6e93c045657fe783be2de4bb104bb3de5043d4,pkg,true,true,false,红心与取消红心歌曲,other,high,P1,reversible_write,user,none,,,,,,weapi,false,false,false,false,true,"like,id",,4,0,blocked_by_prerequisite,endpoints/ncm.like.md,AUTH_USER 账号缺失（B-002）；写操作/私有域已预授权但账号未到位
ncm.likelist,likelist,likelist,/api/song/like/get,POST,"repo-module,pkg-module,types,docs:/likelist",127011717cdf38e00d5e5ec83b191ccd73e6e7a05171fa618c33d27532b582c9,pkg,true,true,false,喜欢的歌曲(无序),other,high,P1,reversible_write,user,none,userId,,,,,,false,false,false,false,true,uid,,4,0,blocked_by_prerequisite,endpoints/ncm.likelist.md,AUTH_USER 账号缺失（B-002）；写操作/私有域已预授权但账号未到位
ncm.listen_data_realtime_report,listen_data_realtime_report,listen_data_realtime_report,/api/content/activity/listen/data/realtime/report,POST,"repo-module,pkg-module,types,docs:/listen/data/realtime/report",b79675c72a5948c40d47e5bce47c89c9474d37986bcd60956dc1ec312e2db1d7,pkg,true,true,false,听歌足迹 - 本周/本月收听时长,listen-history,medium,P2,reversible_write,user,none,,,,,,,false,false,false,false,true,type,[object Object],4,0,blocked_by_prerequisite,endpoints/ncm.listen_data_realtime_report.md,AUTH_USER 账号缺失（B-002）；写操作/私有域已预授权但账号未到位
ncm.listen_data_report,listen_data_report,listen_data_report,/api/content/activity/listen/data/report,POST,"repo-module,pkg-module,types,docs:/listen/data/report",7b18ea7a4d33dce4ea97226891f6c298862adc6727b69494c39fbb45452a5619,pkg,true,true,false,听歌足迹 - 周/月/年收听报告,listen-history,medium,P2,reversible_write,user,none,,,,,,,false,false,false,false,true,"type,endTime",[object Object],4,0,blocked_by_prerequisite,endpoints/ncm.listen_data_report.md,AUTH_USER 账号缺失（B-002）；写操作/私有域已预授权但账号未到位
ncm.listen_data_song_play_rank,listen_data_song_play_rank,listen_data_song_play_rank,/api/content/activity/listen/data/song/play/rank,POST,"repo-module,pkg-module,types,docs:/listen/data/song/play/rank",0e657ac46676f813ba447844206a0cb925e3af26dd5c015ba22765d436f7e4b6,pkg,true,true,false,听歌足迹 - 歌曲播放排行 (Top20),listen-history,medium,P2,read,user,none,,,,,,,false,false,false,false,true,"type,endTime",[object Object],6,0,blocked_by_prerequisite,endpoints/ncm.listen_data_song_play_rank.md,AUTH_USER 账号缺失（B-002）；写操作/私有域已预授权但账号未到位
ncm.listen_data_today_song,listen_data_today_song,listen_data_today_song,/api/content/activity/listen/data/today/song/play/rank,POST,"repo-module,pkg-module,types,docs:/listen/data/today/song",2b5a0fb992f62ecf4f835d89e73141ca2d2a4749d103efaa26b84a1ddd766816,pkg,true,true,false,听歌足迹 - 今日收听,listen-history,medium,P2,read,user,none,,,,,,,false,false,false,false,true,,,6,0,blocked_by_prerequisite,endpoints/ncm.listen_data_today_song.md,AUTH_USER 账号缺失（B-002）；写操作/私有域已预授权但账号未到位
ncm.listen_data_total,listen_data_total,listen_data_total,/api/content/activity/listen/data/total,POST,"repo-module,pkg-module,types,docs:/listen/data/total",fdb410ea9e032770f4e77e159b8f714ad0d58abf8cbe278120749f351642edd9,pkg,true,true,false,听歌足迹 - 总收听时长,listen-history,medium,P2,read,user,none,,,,,,,false,false,false,false,true,,,6,0,blocked_by_prerequisite,endpoints/ncm.listen_data_total.md,AUTH_USER 账号缺失（B-002）；写操作/私有域已预授权但账号未到位
ncm.listen_data_year_report,listen_data_year_report,listen_data_year_report,/api/content/activity/listen/data/year/report,POST,"repo-module,pkg-module,types,docs:/listen/data/year/report",7c6657f8a51d7ab88a6b19c3e4bb4f8649adaecafc4dfb6de790f7099559a782,pkg,true,true,false,听歌足迹 - 年度听歌足迹,listen-history,medium,P2,read,user,none,,,,,,,false,false,false,false,true,,,6,0,blocked_by_prerequisite,endpoints/ncm.listen_data_year_report.md,AUTH_USER 账号缺失（B-002）；写操作/私有域已预授权但账号未到位
ncm.listentogether_accept,listentogether_accept,listentogether_accept,/api/listen/together/play/invitation/accept,POST,"repo-module,pkg-module,types,docs-missing",42c65502c7e64e2e296127601bee768d0ea66aef158b0f6799b6e130727967da,pkg,true,true,false,,other,medium,P2,read,user,none,,,,,,,false,false,false,false,true,"roomId,inviterId",,6,4,partial,endpoints/ncm.listentogether_accept.md,AUTH_USER 账号缺失（B-002）；写操作/私有域已预授权但账号未到位
ncm.listentogether_end,listentogether_end,listentogether_end,/api/listen/together/end/v2,POST,"repo-module,pkg-module,types,docs-missing",5133259b2e8deb4a2d8c6c493a9c7d1c7b2b5b1a1fcef180bfa94cac88af12af,pkg,true,true,false,一起听 结束房间,other,medium,P2,read,user,none,,,,,,,false,false,false,false,true,roomId,,6,4,partial,endpoints/ncm.listentogether_end.md,AUTH_USER 账号缺失（B-002）；写操作/私有域已预授权但账号未到位
ncm.listentogether_heatbeat,listentogether_heatbeat,listentogether_heatbeat,/api/listen/together/heartbeat,POST,"repo-module,pkg-module,types,docs-missing",20e0dd27fdeab3df19551786f05271c7b2a583f874c2e57a762ebe8c46941449,pkg,true,true,false,一起听 发送心跳,other,medium,P2,read,user,none,,,,,,,false,false,false,false,true,"roomId,songId,playStatus,progress",,6,4,partial,endpoints/ncm.listentogether_heatbeat.md,AUTH_USER 账号缺失（B-002）；写操作/私有域已预授权但账号未到位
ncm.listentogether_play_command,listentogether_play_command,listentogether_play_command,/api/listen/together/play/command/report,POST,"repo-module,pkg-module,types,docs-missing",cf5dbb2478ae0934153aa9ad69a73c53948167dc7fb36d9499e1491240cd4adc,pkg,true,true,false,一起听 发送播放状态,other,medium,P2,read,user,none,,,,,,,false,false,false,false,true,"roomId,commandType,progress,playStatus,formerSongId,targetSongId,clientSeq",[object Object],6,4,partial,endpoints/ncm.listentogether_play_command.md,AUTH_USER 账号缺失（B-002）；写操作/私有域已预授权但账号未到位
ncm.listentogether_room_check,listentogether_room_check,listentogether_room_check,/api/listen/together/room/check,POST,"repo-module,pkg-module,types,docs-missing",c9248f95a264e56307b7943f7196358a7502b1e23b92955de44dfde0a6dfe43e,pkg,true,true,false,一起听 房间情况,other,medium,P2,read,user,none,,,,,,,false,false,false,false,true,roomId,,6,4,partial,endpoints/ncm.listentogether_room_check.md,AUTH_USER 账号缺失（B-002）；写操作/私有域已预授权但账号未到位
ncm.listentogether_room_create,listentogether_room_create,listentogether_room_create,/api/listen/together/room/create,POST,"repo-module,pkg-module,types,docs-missing",b85d8955bcb228026e3c06c90ad868d40698ea7832d432b48807e541896c2ac4,pkg,true,true,false,一起听创建房间,other,medium,P2,read,user,none,,,,,,,false,false,false,false,true,,,6,4,partial,endpoints/ncm.listentogether_room_create.md,AUTH_USER 账号缺失（B-002）；写操作/私有域已预授权但账号未到位
ncm.listentogether_status,listentogether_status,listentogether_status,/api/listen/together/status/get,POST/weapi,"repo-module,pkg-module,types-missing,docs-missing",15a63a5f78c2167fbf0c5ecde9462a2ea1247854efc4b4617b8ea10f334561b7,pkg,true,true,false,一起听状态,other,medium,P2,read,user,none,,,,,,weapi,false,false,false,false,true,,,6,4,partial,endpoints/ncm.listentogether_status.md,AUTH_USER 账号缺失（B-002）；写操作/私有域已预授权但账号未到位
ncm.listentogether_sync_list_command,listentogether_sync_list_command,listentogether_sync_list_command,/api/listen/together/sync/list/command/report,POST,"repo-module,pkg-module,types,docs-missing",ce587ebd8434fb866ea6cd615ec36218b1be7182808c4b1fdb4fe072e0c28cea,pkg,true,true,false,一起听 更新播放列表,other,medium,P2,read,user,none,userId,,,,,,false,false,false,false,true,"roomId,commandType,userId,version,randomList,displayList",,6,4,failed_stable,endpoints/ncm.listentogether_sync_list_command.md,模块级异常（非网络）：Cannot read properties of undefined (reading 'split')
ncm.listentogether_sync_playlist_get,listentogether_sync_playlist_get,listentogether_sync_playlist_get,/api/listen/together/sync/playlist/get,POST,"repo-module,pkg-module,types,docs-missing",a06b46507adf936da6915d3d7334b2916dd5f7b57105ad74d06386558915dfe8,pkg,true,true,false,一起听 当前列表获取,other,medium,P2,read,user,none,,,,,,,false,false,false,false,true,roomId,,6,4,partial,endpoints/ncm.listentogether_sync_playlist_get.md,AUTH_USER 账号缺失（B-002）；写操作/私有域已预授权但账号未到位
ncm.login,login,login,/api/w/login,POST,"repo-module,pkg-module,types,docs-missing",8067f802442f32444715cf2892ddfbbf3cbb9edce0d26b8c24def42697db2851,pkg,true,true,false,邮箱登录,other,high,P5,credential,none,none,,"cookie,uid",,,,,false,false,false,false,true,"email,md5_password,password",,8,0,blocked_by_prerequisite,endpoints/ncm.login.md,AUTH_USER 账号缺失（B-002）；写操作/私有域已预授权但账号未到位
ncm.login_cellphone,login_cellphone,login_cellphone,/api/w/login/cellphone,POST/weapi,"repo-module,pkg-module,types,docs:/login/cellphone",af02f632dfcd984c178cd458ee80550693cf916390b340f04dea3d73de486989,pkg,true,true,false,手机登录,auth,high,P0,credential,user,none,,"cookie,uid",,,,weapi,false,false,false,false,true,"phone,countrycode,captcha,md5_password,password,sca","[object Object],[object Object]",8,0,blocked_by_prerequisite,endpoints/ncm.login_cellphone.md,AUTH_USER 账号缺失（B-002）；写操作/私有域已预授权但账号未到位
ncm.login_qr_check,login_qr_check,login_qr_check,/api/login/qrcode/client/login,POST,"repo-module,pkg-module,types,docs-missing",0b6ced28e872d61882955010b8ca17d0037d8df352d757ced60980893002d1e0,pkg,true,true,false,,auth,high,P0,credential,none,none,,"cookie,uid",,,,,false,false,false,false,true,key,,8,4,partial,endpoints/ncm.login_qr_check.md,AUTH_USER 账号缺失（B-002）；写操作/私有域已预授权但账号未到位
ncm.login_qr_create,login_qr_create,login_qr_create,direct-call,direct-call,"repo-module,pkg-module,types,docs-missing",a3c3758e782617e9f3d8538f95c95d4bb1146ddc7636217d2a255b885eb5d5b4,pkg,true,true,false,构建基础URL,auth,high,P0,credential,none,none,,"cookie,uid",,,,,false,false,true,true,true,"platform,cookie,key,qrimg",,8,4,partial,endpoints/ncm.login_qr_create.md,AUTH_USER 账号缺失（B-002）；写操作/私有域已预授权但账号未到位
ncm.login_qr_key,login_qr_key,login_qr_key,/api/login/qrcode/unikey,POST,"repo-module,pkg-module,types,docs-missing",7065aecd94a73a73231e154b6d4086b93866d580a17bd0cddd009d9679f863aa,pkg,true,true,false,,auth,high,P0,credential,none,none,,"cookie,uid",,,,,false,false,false,false,true,,,8,2,partial,endpoints/ncm.login_qr_key.md,未完成扫码流程
ncm.login_refresh,login_refresh,login_refresh,/api/login/token/refresh,POST,"repo-module,pkg-module,types,docs-missing",749d9c08ed2d2961435a79c5adfd29cb6d64f9f9f09b160a4ac54b22cf597d05,pkg,true,true,false,登录刷新,auth,high,P0,credential,user,none,,"cookie,uid",,,,,false,false,false,false,true,,,8,4,partial,endpoints/ncm.login_refresh.md,AUTH_USER 账号缺失（B-002）；写操作/私有域已预授权但账号未到位
ncm.login_status,login_status,login_status,/api/w/nuser/account/get,POST/weapi,"repo-module,pkg-module,types,docs:/login/status",9f69e7bc09e8f7db393b16741b724b72ca8dc6d480e9e76b93e4250f59eb65ff,pkg,true,true,false,,auth,high,P0,credential,user,none,,"cookie,uid",,,,weapi,false,false,false,false,true,,,8,5,partial,endpoints/ncm.login_status.md,AUTH_ANON/USER 层缺样本
ncm.logout,logout,logout,/api/logout,POST,"repo-module,pkg-module,types,docs-missing",1a7ed147663b99427afdb6f93ea6e2f2a9fd66aba01f4fad071e05ad911fda70,pkg,true,true,false,退出登录,auth,high,P0,credential,user,none,,"cookie,uid",,,,,false,false,false,false,true,,,8,2,partial,endpoints/ncm.logout.md,AUTH_USER 缺失
ncm.lyric,lyric,lyric,/api/song/lyric,POST,"repo-module,pkg-module,types,docs:/lyric",f81c151ac74abce8fc1dd9e520d820fa993f59487b46255840c3fb80c474ee91,pkg,true,true,false,歌词,lyric,high,P1,read,none,none,,,,,,,false,false,false,false,true,id,,8,4,partial,endpoints/ncm.lyric.md,AUTH_USER 缺失（B-002，写操作已预授权但账号未到位）
ncm.lyric_new,lyric_new,lyric_new,/api/song/lyric/v1,POST,"repo-module,pkg-module,types,docs:/lyric/new",08a3613292d69ff8cb16b5b650543fc1465464488f97f1732b7e436bfc53ffd3,pkg,true,true,false,新版歌词 - 包含逐字歌词,lyric,high,P1,read,none,none,,,,,,,false,false,false,false,true,id,,8,4,partial,endpoints/ncm.lyric_new.md,AUTH_USER 缺失（B-002，写操作已预授权但账号未到位）
ncm.middle_play_do_lottery,middle_play_do_lottery,middle_play_do_lottery,/api/middle/play/do/lottery,POST/eapi,"repo-module,pkg-module,types-missing,docs:/middle/play/do/lottery",c13f450e9c5a1eeaa708a5e178e1d46278cb9ef47ca5f656d2f5508d7413f08f,pkg,true,true,false,云小编每日抽奖,lottery,rare,P2,reversible_write,user,none,,,,,,eapi,false,false,false,false,true,"activityId,drawCount","[object Object],[object Object]",4,0,blocked_by_prerequisite,endpoints/ncm.middle_play_do_lottery.md,AUTH_USER 账号缺失（B-002）；写操作/私有域已预授权但账号未到位
ncm.middle_play_lottery_remain_chance,middle_play_lottery_remain_chance,middle_play_lottery_remain_chance,/api/middle/play/lottery/remain/chance,POST/eapi,"repo-module,pkg-module,types-missing,docs:/middle/play/lottery/remain/chance",48dc885db8f4074c1e17ad27b681f29718264b393b6ac30f64f4786b29b0156c,pkg,true,true,false,云小编抽奖剩余次数查询,lottery,rare,P2,read,user,none,,,,,,eapi,false,false,false,false,true,activityId,[object Object],5,0,blocked_by_prerequisite,endpoints/ncm.middle_play_lottery_remain_chance.md,AUTH_USER 账号缺失（B-002）；写操作/私有域已预授权但账号未到位
ncm.mlog_music_rcmd,mlog_music_rcmd,mlog_music_rcmd,/api/mlog/rcmd/feed/list,POST,"repo-module,pkg-module,types,docs:/mlog/music/rcmd",5ea392fb2af00eed0ea29fc1876af33646e2e631268f816b195f59736925b5b5,pkg,true,true,false,歌曲相关视频,mlog,rare,P2,read,none,offset,pageToken,mlogId,,,,,false,false,false,false,true,"mvid,limit,songid","[object Object],[object Object]",10,0,blocked_by_prerequisite,endpoints/ncm.mlog_music_rcmd.md,缺夹具：mlogId 无生产者（池为空）
ncm.mlog_to_video,mlog_to_video,mlog_to_video,/api/mlog/video/convert/id,POST/weapi,"repo-module,pkg-module,types,docs:/mlog/to/video",9f286e8850e56301659fd566663d08de4292f18818a12b31604a6781e7b7808b,pkg,true,true,false,将mlog id转为video id,mlog,rare,P2,read,none,none,mlogId,mlogId,,,,weapi,false,false,false,false,true,id,,5,0,blocked_by_prerequisite,endpoints/ncm.mlog_to_video.md,缺夹具：mlogId 无生产者（池为空）
ncm.mlog_url,mlog_url,mlog_url,/api/mlog/detail/v1,POST/weapi,"repo-module,pkg-module,types,docs:/mlog/url",b71476588326219dbedf0504a14348181bcb5546016d654af9629103b5322745,pkg,true,true,false,mlog链接,mlog,rare,P2,read,none,none,mlogId,mlogId,,,,weapi,false,false,false,false,true,"id,res",[object Object],5,0,blocked_by_prerequisite,endpoints/ncm.mlog_url.md,缺夹具：mlogId 无生产者（池为空）
ncm.msg_comments,msg_comments,msg_comments,/api/v1/user/comments/${query.uid} (templated),POST/weapi,"repo-module,pkg-module,types,docs:/msg/comments",d00cc0bcb1f34e9e72525e2e3b1f5496106325fe18c6c5277047ae2e8410a010,pkg,true,true,false,评论,message,medium,P2,read,user,cursor,"userId,pageToken",,,,,weapi,false,false,false,false,true,"before,limit,uid","[object Object],[object Object]",10,0,blocked_by_prerequisite,endpoints/ncm.msg_comments.md,AUTH_USER 账号缺失（B-002）；写操作/私有域已预授权但账号未到位
ncm.msg_forwards,msg_forwards,msg_forwards,/api/forwards/get,POST/weapi,"repo-module,pkg-module,types,docs:/msg/forwards",efa69704f32ffc83f86a6321eb0f5bfc398b6a4af53e9ad2639bf25d89dc9190,pkg,true,true,false,@我,message,medium,P2,reversible_write,user,offset,pageToken,,,,,weapi,false,false,false,false,true,"offset,limit","[object Object],[object Object]",4,0,blocked_by_prerequisite,endpoints/ncm.msg_forwards.md,AUTH_USER 账号缺失（B-002）；写操作/私有域已预授权但账号未到位
ncm.msg_notices,msg_notices,msg_notices,/api/msg/notices,POST/weapi,"repo-module,pkg-module,types,docs:/msg/notices",c016fe1512c2b9981dd2ea5a0ceebae29b87bd8d5f10dc5b3d23edc5d68adab6,pkg,true,true,false,通知,message,medium,P2,read,user,cursor,pageToken,,,,,weapi,false,false,false,false,true,"limit,lasttime",[object Object],10,0,blocked_by_prerequisite,endpoints/ncm.msg_notices.md,AUTH_USER 账号缺失（B-002）；写操作/私有域已预授权但账号未到位
ncm.msg_private,msg_private,msg_private,/api/msg/private/users,POST/weapi,"repo-module,pkg-module,types,docs:/msg/private",37fc8c8b9fc016d098010a32353ab393e0c3052247ef9ec416139215b96778ae,pkg,true,true,false,私信,message,medium,P2,reversible_write,user,offset,pageToken,userId,,,,weapi,false,false,false,false,true,"offset,limit","[object Object],[object Object]",4,0,blocked_by_prerequisite,endpoints/ncm.msg_private.md,AUTH_USER 账号缺失（B-002）；写操作/私有域已预授权但账号未到位
ncm.msg_private_history,msg_private_history,msg_private_history,/api/msg/private/history,POST/weapi,"repo-module,pkg-module,types,docs:/msg/private/history",c41dc3f06e9791cf4fc34e2d0d09149c266c888d51d5a6f83a9935c9d9cab5aa,pkg,true,true,false,私信内容,message,medium,P2,reversible_write,user,cursor,"userId,pageToken",userId,,,,weapi,false,false,false,false,true,"uid,limit,before","[object Object],[object Object]",4,0,blocked_by_prerequisite,endpoints/ncm.msg_private_history.md,AUTH_USER 账号缺失（B-002）；写操作/私有域已预授权但账号未到位
ncm.msg_recentcontact,msg_recentcontact,msg_recentcontact,/api/msg/recentcontact/get,POST/weapi,"repo-module,pkg-module,types,docs:/msg/recentcontact",6347e4eecdbb2f64849bd8d90d481991be1cffcb5c9fd0588061ef2745769de5,pkg,true,true,false,最近联系,message,medium,P2,read,user,none,,,,,,weapi,false,false,false,false,true,,,6,0,blocked_by_prerequisite,endpoints/ncm.msg_recentcontact.md,AUTH_USER 账号缺失（B-002）；写操作/私有域已预授权但账号未到位
ncm.music_first_listen_info,music_first_listen_info,music_first_listen_info,/api/content/activity/music/first/listen/info,POST,"repo-module,pkg-module,types,docs:/music/first/listen/info",d2e05b532cee7b618488206b4f20357babd09ba8e3dc1463ed2e0923fc12bbbc,pkg,true,true,false,回忆坐标,song,rare,P2,read,none,none,,songId,,,,,false,false,false,false,true,id,,5,4,partial,endpoints/ncm.music_first_listen_info.md,AUTH_USER 账号缺失（B-002）；写操作/私有域已预授权但账号未到位
ncm.musician_cloudbean,musician_cloudbean,musician_cloudbean,/api/cloudbean/get,POST/weapi,"repo-module,pkg-module,types,docs:/musician/cloudbean",f72e6d855e6a625783729f6377dc86e5dca88116e7fbf21f792aaf48c58b1fa0,pkg,true,true,false,账号云豆数,musician,medium,P2,read,user,none,,,,,,weapi,false,false,false,false,true,,,6,0,blocked_by_prerequisite,endpoints/ncm.musician_cloudbean.md,AUTH_USER 账号缺失（B-002）；写操作/私有域已预授权但账号未到位
ncm.musician_cloudbean_obtain,musician_cloudbean_obtain,musician_cloudbean_obtain,/api/nmusician/workbench/mission/reward/obtain/new,POST/weapi,"repo-module,pkg-module,types,docs:/musician/cloudbean/obtain",b4f3d0ca3c6a45cee4b189c68b18d8bde3c747d25fdb2ada4ad9f93b66d5bf9c,pkg,true,true,false,领取云豆,musician,medium,P2,reversible_write,user,none,,,,,,weapi,false,false,false,false,true,"id,period",,4,0,blocked_by_prerequisite,endpoints/ncm.musician_cloudbean_obtain.md,AUTH_USER 账号缺失（B-002）；写操作/私有域已预授权但账号未到位
ncm.musician_data_overview,musician_data_overview,musician_data_overview,/api/creator/musician/statistic/data/overview/get,POST/weapi,"repo-module,pkg-module,types,docs:/musician/data/overview",482b2d26083d5bcba42885ebb7786db0b43cde05d5883aaa36d3eb8a4e3b308d,pkg,true,true,false,音乐人数据概况,musician,medium,P2,read,user,none,,,,,,weapi,false,false,false,false,true,,,6,0,blocked_by_prerequisite,endpoints/ncm.musician_data_overview.md,AUTH_USER 账号缺失（B-002）；写操作/私有域已预授权但账号未到位
ncm.musician_play_trend,musician_play_trend,musician_play_trend,/api/creator/musician/play/count/statistic/data/trend/get,POST/weapi,"repo-module,pkg-module,types,docs:/musician/play/trend",b426e5ef1be79a32fd168eafb75cd017f25088bd4a67c21e1535596386930f8f,pkg,true,true,false,音乐人歌曲播放趋势,musician,medium,P2,read,user,none,,,,,,weapi,false,false,false,false,true,"startTime,endTime",,6,0,blocked_by_prerequisite,endpoints/ncm.musician_play_trend.md,AUTH_USER 账号缺失（B-002）；写操作/私有域已预授权但账号未到位
ncm.musician_sign,musician_sign,musician_sign,/api/creator/user/access,POST/weapi,"repo-module,pkg-module,types,docs:/musician/sign",510c8948ae97d8d82e222652d90b3c6cf71fee5f56a19c1a392a4b07e9cbf982,pkg,true,true,false,音乐人签到,musician,medium,P2,reversible_write,user,none,,,,,,weapi,false,false,false,false,true,,,4,0,blocked_by_prerequisite,endpoints/ncm.musician_sign.md,AUTH_USER 账号缺失（B-002）；写操作/私有域已预授权但账号未到位
ncm.musician_tasks,musician_tasks,musician_tasks,/api/nmusician/workbench/mission/cycle/list,POST/weapi,"repo-module,pkg-module,types,docs:/musician/tasks",dca0a1a2fb3e77abdc496c0449b3c64e1217c718de95e21fa02c697305f5d74b,pkg,true,true,false,获取音乐人任务,musician,medium,P2,read,user,none,,,,,,weapi,false,false,false,false,true,,,6,0,blocked_by_prerequisite,endpoints/ncm.musician_tasks.md,AUTH_USER 账号缺失（B-002）；写操作/私有域已预授权但账号未到位
ncm.musician_tasks_new,musician_tasks_new,musician_tasks_new,/api/nmusician/workbench/mission/stage/list ,POST/weapi,"repo-module,pkg-module,types,docs:/musician/tasks/new",c60593f78a8f9a8dcfc258190d7b8ec9bfadc4c17c47ddf14f3d2d12b8b6d7a7,pkg,true,true,false,获取音乐人任务,musician,medium,P2,read,user,none,,,,,,weapi,false,false,false,false,true,,,6,0,blocked_by_prerequisite,endpoints/ncm.musician_tasks_new.md,AUTH_USER 账号缺失（B-002）；写操作/私有域已预授权但账号未到位
ncm.musician_vip_tasks,musician_vip_tasks,musician_vip_tasks,/api/nmusician/workbench/special/right/vip/info,POST/eapi,"repo-module,pkg-module,types,docs:/musician/vip/tasks",b3f6312f0421a45973b2784b2bc3b8488723c5bf908fb599b4a0657ed7d65191,pkg,true,true,false,获取音乐人任务,musician,medium,P2,read,user,none,,,,,,eapi,false,false,false,false,true,,,6,0,blocked_by_prerequisite,endpoints/ncm.musician_vip_tasks.md,AUTH_USER 账号缺失（B-002）；写操作/私有域已预授权但账号未到位
ncm.mv_all,mv_all,mv_all,/api/mv/all,POST,"repo-module,pkg-module,types,docs:/mv/all",275b1ce9acfacbb4f7a43af9e5d34014f39b8e347e116ee3e0913147f1c1a39e,pkg,true,true,false,全部MV,mv,medium,P1,read,none,offset,pageToken,mvId,,,,,false,false,false,false,true,"area,type,order,offset,limit","[object Object],[object Object]",8,4,partial,endpoints/ncm.mv_all.md,AUTH_USER 缺失（B-002，写操作已预授权但账号未到位）
ncm.mv_detail,mv_detail,mv_detail,/api/v1/mv/detail,POST/weapi,"repo-module,pkg-module,types,docs:/mv/detail",9e96572304d32777e09a1f966bc69ab075e8e752507000713a452f5749115e7f,pkg,true,true,false,MV详情,mv,high,P1,read,none,none,,mvId,,,,weapi,false,false,false,false,true,mvid,,6,4,partial,endpoints/ncm.mv_detail.md,AUTH_USER 缺失（B-002，写操作已预授权但账号未到位）
ncm.mv_detail_info,mv_detail_info,mv_detail_info,/api/comment/commentthread/info,POST/weapi,"repo-module,pkg-module,types,docs:/mv/detail/info",a0ae7f5c1f36589e00ddf9010239e279133ce2d8c43990f0f69fe122c281ff55,pkg,true,true,false,MV 点赞转发评论数数据,mv,medium,P1,read,none,none,,mvId,,,,weapi,false,false,false,false,true,mvid,,8,4,partial,endpoints/ncm.mv_detail_info.md,AUTH_USER 缺失（B-002，写操作已预授权但账号未到位）
ncm.mv_exclusive_rcmd,mv_exclusive_rcmd,mv_exclusive_rcmd,/api/mv/exclusive/rcmd,POST,"repo-module,pkg-module,types,docs:/mv/exclusive/rcmd",4e61664117f508e38b0b3d69c550e9eb22b1a51a2ddf7802e0d241892d0b443b,pkg,true,true,false,网易出品,mv,medium,P1,read,none,offset,pageToken,mvId,,,,,false,false,false,false,true,"offset,limit","[object Object],[object Object]",8,4,partial,endpoints/ncm.mv_exclusive_rcmd.md,AUTH_USER 缺失（B-002，写操作已预授权但账号未到位）
ncm.mv_first,mv_first,mv_first,/api/mv/first,POST,"repo-module,pkg-module,types,docs:/mv/first",f369038718d6fabd56653b6c8a69b11367f3e5325a7cf78c6d918dc5a81bf9cf,pkg,true,true,false,最新MV,mv,medium,P1,read,none,offset,pageToken,mvId,,,,,false,false,false,false,true,"offset,area,limit","[object Object],[object Object]",8,4,partial,endpoints/ncm.mv_first.md,AUTH_USER 缺失（B-002，写操作已预授权但账号未到位）
ncm.mv_sub,mv_sub,mv_sub,/api/mv/${query.t} (templated),POST/weapi,"repo-module,pkg-module,types,docs:/mv/sub",0a24f0a3edc3d72764e4a575706cd85e12eb9d6a9dfed9778f39acceac829b27,pkg,true,true,false,收藏与取消收藏MV,mv,medium,P1,reversible_write,none,none,,mvId,,,,weapi,false,false,false,false,true,"t,mvid",,4,0,blocked_by_prerequisite,endpoints/ncm.mv_sub.md,AUTH_USER 账号缺失（B-002）；写操作/私有域已预授权但账号未到位
ncm.mv_sublist,mv_sublist,mv_sublist,/api/cloudvideo/allvideo/sublist,POST/weapi,"repo-module,pkg-module,types,docs:/mv/sublist",af6e39f05e5e6296a555332d12aec2c845a539229f6ca21738a3f413b29b5bf0,pkg,true,true,false,已收藏MV列表,mv,medium,P1,reversible_write,none,offset,pageToken,mvId,,,,weapi,false,false,false,false,true,"limit,offset","[object Object],[object Object]",4,0,blocked_by_prerequisite,endpoints/ncm.mv_sublist.md,AUTH_USER 账号缺失（B-002）；写操作/私有域已预授权但账号未到位
ncm.mv_url,mv_url,mv_url,/api/song/enhance/play/mv/url,POST/weapi,"repo-module,pkg-module,types,docs:/mv/url",fa5dcad8d1a6323bea8f6fa8841508d4f089c3a60ed52741289106201b74386b,pkg,true,true,false,MV链接,mv,high,P1,read,user_or_vip,none,mvId,mvId,,,,weapi,false,false,false,false,true,"id,r",[object Object],54,4,partial,endpoints/ncm.mv_url.md,AUTH_USER 缺失（B-002，写操作已预授权但账号未到位）
ncm.nickname_check,nickname_check,nickname_check,/api/nickname/duplicated,POST/weapi,"repo-module,pkg-module,types,docs:/nickname/check",85faa42404415bb445283be0b99dd9a311f3908a71358e3708ba06464084bb79,pkg,true,true,false,,auth,medium,P0,credential,none,none,,,,,,weapi,false,false,false,false,true,nickname,,8,4,partial,endpoints/ncm.nickname_check.md,AUTH_USER 账号缺失（B-002）；写操作/私有域已预授权但账号未到位
ncm.personal_fm,personal_fm,personal_fm,/api/v1/radio/get,POST/weapi,"repo-module,pkg-module,types,docs:/personal_fm",9d8ff490dd1dc42c209748ce59b678a5d22de73a7f40864aff28332da93e3e4d,pkg,true,true,false,私人FM,recommend,high,P2,read,user,none,,,,,,weapi,false,false,false,false,true,,,6,4,partial,endpoints/ncm.personal_fm.md,AUTH_USER 账号缺失（B-002）；写操作/私有域已预授权但账号未到位
ncm.personal_fm_mode,personal_fm_mode,personal_fm_mode,/api/v1/radio/get,POST,"repo-module,pkg-module,types,docs:/personal/fm/mode",ba28d8064f9b8ea6dd12bf8093dafca0d976e24c11233944543ceaba9c16c506,pkg,true,true,false,私人FM - 模式选择,recommend,medium,P2,read,user,offset,pageToken,,,,,,false,false,false,false,true,"mode,submode,limit",[object Object],10,4,partial,endpoints/ncm.personal_fm_mode.md,AUTH_USER 账号缺失（B-002）；写操作/私有域已预授权但账号未到位
ncm.personalized,personalized,personalized,/api/personalized/playlist,POST/weapi,"repo-module,pkg-module,types,docs:/personalized",9c272a44dad27d0f18cbb2d169de58b03bf8f2ad3ed8e9cd336a58273c0ec0ec,pkg,true,true,false,推荐歌单,other,high,P0,read,none,offset,pageToken,"songId,playlistId",,,,weapi,false,false,false,false,true,"limit,offset","[object Object],[object Object]",10,6,partial,endpoints/ncm.personalized.md,AUTH_USER 登录层缺失（账号待申请，见 B-002）；三态对比未完成
ncm.personalized_djprogram,personalized_djprogram,personalized_djprogram,/api/personalized/djprogram,POST/weapi,"repo-module,pkg-module,types,docs:/personalized/djprogram",9830c3cde5bd943ea2a6b01739c69c4943b2387b7d25261f3afa8e1fab330d4b,pkg,true,true,false,推荐电台,recommend,high,P0,read,none,none,,"djId,programId,radioId",,,,weapi,false,false,false,false,true,,,6,4,partial,endpoints/ncm.personalized_djprogram.md,AUTH_USER 登录层缺失（账号待申请，见 B-002）；三态对比未完成
ncm.personalized_mv,personalized_mv,personalized_mv,/api/personalized/mv,POST/weapi,"repo-module,pkg-module,types,docs:/personalized/mv",3b1be3daf1d23c9f40d59bbef1457b180ca2776ec8353a0073a71e64bc0ddf30,pkg,true,true,false,推荐MV,recommend,high,P0,read,none,none,,"songId,playlistId",,,,weapi,false,false,false,false,true,,,6,4,partial,endpoints/ncm.personalized_mv.md,AUTH_USER 登录层缺失（账号待申请，见 B-002）；三态对比未完成
ncm.personalized_newsong,personalized_newsong,personalized_newsong,/api/personalized/newsong,POST/weapi,"repo-module,pkg-module,types,docs:/personalized/newsong",45ff8ae4cdd407852a88726fc82bc85a2b76a6efd8956eb0526c2aeb9b7e839f,pkg,true,true,false,推荐新歌,recommend,high,P0,read,none,offset,pageToken,"songId,playlistId",,,,weapi,false,false,false,false,true,"limit,areaId","[object Object],[object Object]",10,4,partial,endpoints/ncm.personalized_newsong.md,AUTH_USER 登录层缺失（账号待申请，见 B-002）；三态对比未完成
ncm.personalized_privatecontent,personalized_privatecontent,personalized_privatecontent,/api/personalized/privatecontent,POST/weapi,"repo-module,pkg-module,types,docs:/personalized/privatecontent",481c4089eb012edc8eccd4c7f1f2b5e5c29ec09f155309dbee9f66a1d3da239d,pkg,true,true,false,独家放送,recommend,high,P0,read,none,none,,"songId,playlistId",,,,weapi,false,false,false,false,true,,,6,4,partial,endpoints/ncm.personalized_privatecontent.md,AUTH_USER 登录层缺失（账号待申请，见 B-002）；三态对比未完成
ncm.personalized_privatecontent_list,personalized_privatecontent_list,personalized_privatecontent_list,/api/v2/privatecontent/list,POST/weapi,"repo-module,pkg-module,types,docs:/personalized/privatecontent/list",148632917a44b7404c9fb1974eaeba9cea83e641f2eda757639ecfb9ea3e4a5e,pkg,true,true,false,独家放送列表,recommend,medium,P0,read,none,offset,pageToken,"songId,playlistId",,,,weapi,false,false,false,false,true,"offset,limit","[object Object],[object Object]",10,4,partial,endpoints/ncm.personalized_privatecontent_list.md,AUTH_USER 登录层缺失（账号待申请，见 B-002）；三态对比未完成
ncm.pl_count,pl_count,pl_count,/api/pl/count,POST/weapi,"repo-module,pkg-module,types,docs:/pl/count",4b664fefa570877d308495bcf9a956bb8cecf3bb48bb8dc41b45b844e709cfa0,pkg,true,true,false,私信和通知接口,playlist,medium,P2,read,none,none,,,,,,weapi,false,false,false,false,true,,,6,4,partial,endpoints/ncm.pl_count.md,AUTH_USER 账号缺失（B-002）；写操作/私有域已预授权但账号未到位
ncm.playlist_category_list,playlist_category_list,playlist_category_list,/api/playlist/category/list,POST,"repo-module,pkg-module,types,docs-missing",94bb5f409186b38b112515817c0951cf393d703254754e33963b2a1d462d9a58,pkg,true,true,false,歌单分类列表,playlist,medium,P1,read,none,offset,pageToken,"playlistId,trackId",,,,,false,false,false,false,true,"cat,limit","[object Object],[object Object]",8,4,partial,endpoints/ncm.playlist_category_list.md,AUTH_USER 缺失（B-002，写操作已预授权但账号未到位）
ncm.playlist_catlist,playlist_catlist,playlist_catlist,/api/playlist/catalogue,POST/eapi,"repo-module,pkg-module,types,docs:/playlist/catlist",b326a7bb7502155c745852deb1515defa30e6d238076508e1d46462788d55171,pkg,true,true,false,全部歌单分类,playlist,high,P1,read,none,none,,"playlistId,trackId",,,,eapi,false,false,false,false,true,,,8,4,partial,endpoints/ncm.playlist_catlist.md,AUTH_USER 缺失（B-002，写操作已预授权但账号未到位）
ncm.playlist_cover_update,playlist_cover_update,playlist_cover_update,/api/playlist/cover/update,POST/weapi,"repo-module,pkg-module,types,docs:/playlist/cover/update",8fdbcb9b0afb784207a71ac2bd28dbeff71eef3511b61f5c92a1b4ce3f96e0c2,pkg,true,true,false,,playlist,medium,P1,upload,user,none,playlistId,"playlistId,trackId",,,,weapi,false,false,false,false,true,"imgFile,id",,7,0,blocked_by_prerequisite,endpoints/ncm.playlist_cover_update.md,AUTH_USER 账号缺失（B-002）；写操作/私有域已预授权但账号未到位
ncm.playlist_create,playlist_create,playlist_create,/api/playlist/create,POST/weapi,"repo-module,pkg-module,types,docs:/playlist/create",6b4ed3828000e600e2ef301e03f7e8c8c032f5a97f497e08e01c5dcc0852190e,pkg,true,true,false,创建歌单,playlist,high,P1,reversible_write,user,none,,"playlistId,trackId",,,,weapi,false,false,false,false,true,"name,privacy,type","[object Object],[object Object]",4,0,blocked_by_prerequisite,endpoints/ncm.playlist_create.md,AUTH_USER 账号缺失（B-002）；写操作/私有域已预授权但账号未到位
ncm.playlist_delete,playlist_delete,playlist_delete,/api/playlist/remove,POST/weapi,"repo-module,pkg-module,types,docs:/playlist/delete",9641144cabb2666c4cc9bf7f07a2d2dc8dbc1f218407aa8eee4337909643a1b4,pkg,true,true,false,删除歌单,playlist,medium,P1,reversible_write,user,none,playlistId,"playlistId,trackId",,,,weapi,false,false,false,false,true,id,,4,0,blocked_by_prerequisite,endpoints/ncm.playlist_delete.md,AUTH_USER 账号缺失（B-002）；写操作/私有域已预授权但账号未到位
ncm.playlist_desc_update,playlist_desc_update,playlist_desc_update,/api/playlist/desc/update,POST,"repo-module,pkg-module,types,docs:/playlist/desc/update",a2e3a2b56991a7ef33bf26d6da5d39716e05cadf32fe7e46a6c80c8521c15791,pkg,true,true,false,更新歌单描述,playlist,medium,P1,reversible_write,user,none,playlistId,"playlistId,trackId",,,,,false,false,false,false,true,"id,desc",,4,0,blocked_by_prerequisite,endpoints/ncm.playlist_desc_update.md,AUTH_USER 账号缺失（B-002）；写操作/私有域已预授权但账号未到位
ncm.playlist_detail,playlist_detail,playlist_detail,/api/v6/playlist/detail,POST,"repo-module,pkg-module,types,docs:/playlist/detail",24016c435f942e9debd49053cd0d74fa5117f02db8062258583a10ddfe5af6e2,pkg,true,true,false,歌单详情,playlist,high,P1,read,none,none,playlistId,"playlistId,trackId",,,,,false,false,false,false,true,"id,s",[object Object],6,6,partial,endpoints/ncm.playlist_detail.md,AUTH_USER 缺失（B-002，写操作已预授权但账号未到位）
ncm.playlist_detail_dynamic,playlist_detail_dynamic,playlist_detail_dynamic,/api/playlist/detail/dynamic,POST,"repo-module,pkg-module,types,docs:/playlist/detail/dynamic",20a21bdd4f3361f45879a7be8df580d6de012c49a7f249f5eba568b7daa9a0d9,pkg,true,true,false,歌单动态信息,playlist,high,P1,read,none,none,playlistId,"playlistId,trackId",,,,,false,false,false,false,true,"id,s",[object Object],8,4,partial,endpoints/ncm.playlist_detail_dynamic.md,AUTH_USER 缺失（B-002，写操作已预授权但账号未到位）
ncm.playlist_detail_rcmd_get,playlist_detail_rcmd_get,playlist_detail_rcmd_get,/api/playlist/detail/rcmd/get,POST,"repo-module,pkg-module,types,docs:/playlist/detail/rcmd/get",01c4cf2f25de02ce1108ca0a67e97374f0cb6bdf21eb75640c55b12780f5573c,pkg,true,true,false,相关歌单推荐,playlist,medium,P1,read,none,none,playlistId,"playlistId,trackId",,,,,false,false,false,false,true,id,,8,4,partial,endpoints/ncm.playlist_detail_rcmd_get.md,AUTH_USER 缺失（B-002，写操作已预授权但账号未到位）
ncm.playlist_highquality_tags,playlist_highquality_tags,playlist_highquality_tags,/api/playlist/highquality/tags,POST/weapi,"repo-module,pkg-module,types,docs:/playlist/highquality/tags",34bee3b87eb5cc1096ff90da3e2cfcb480b8ae27bb28573ee9b991b18ddf373c,pkg,true,true,false,精品歌单 tags,playlist,medium,P1,read,none,none,,"playlistId,trackId",,,,weapi,false,false,false,false,true,,,8,4,partial,endpoints/ncm.playlist_highquality_tags.md,AUTH_USER 缺失（B-002，写操作已预授权但账号未到位）
ncm.playlist_hot,playlist_hot,playlist_hot,/api/playlist/hottags,POST/weapi,"repo-module,pkg-module,types,docs:/playlist/hot",db9e93e334924222d9c57f68b1c4c111117bcc65761a23c5a448c66eb41387d4,pkg,true,true,false,热门歌单分类,playlist,high,P0,read,none,none,,"playlistId,trackId",,,,weapi,false,false,false,false,true,,,6,4,partial,endpoints/ncm.playlist_hot.md,AUTH_USER 登录层缺失（账号待申请，见 B-002）；三态对比未完成
ncm.playlist_import_name_task_create,playlist_import_name_task_create,playlist_import_name_task_create,/api/playlist/import/name/task/create,POST,"repo-module,pkg-module,types,docs:/playlist/import/name/task/create",37a3c2f919561e2de0a09026f229d9b5b27c4d4b5e1b363b2ef9d547aa55698f,pkg,true,true,false,歌单导入 - 元数据/文字/链接导入,playlist,rare,P1,reversible_write,user,none,,"playlistId,trackId",,,,,false,false,false,false,true,"importStarPlaylist,local,playlistName,text,link",,4,0,blocked_by_prerequisite,endpoints/ncm.playlist_import_name_task_create.md,AUTH_USER 账号缺失（B-002）；写操作/私有域已预授权但账号未到位
ncm.playlist_import_task_status,playlist_import_task_status,playlist_import_task_status,/api/playlist/import/task/status/v2,POST,"repo-module,pkg-module,types,docs:/playlist/import/task/status",2a4180521515fd3755354d342b56feb05ee3f5274d714f8f929d170b6fd839f2,pkg,true,true,false,歌单导入 - 任务状态,playlist,rare,P1,reversible_write,user,none,playlistId,"playlistId,trackId",,,,,false,false,false,false,true,id,,4,0,blocked_by_prerequisite,endpoints/ncm.playlist_import_task_status.md,AUTH_USER 账号缺失（B-002）；写操作/私有域已预授权但账号未到位
ncm.playlist_mylike,playlist_mylike,playlist_mylike,/api/mlog/playlist/mylike/bytime/get,POST/weapi,"repo-module,pkg-module,types,docs:/playlist/mylike",daec3fa6da187a04411092d321b878a477246221cc68f6ef94955c35bd07614a,pkg,true,true,false,,playlist,high,P1,read,user,cursor,pageToken,"playlistId,trackId",,,,weapi,false,false,false,false,true,"time,limit","[object Object],[object Object]",8,0,blocked_by_prerequisite,endpoints/ncm.playlist_mylike.md,AUTH_USER 账号缺失（B-002）；写操作/私有域已预授权但账号未到位
ncm.playlist_name_update,playlist_name_update,playlist_name_update,/api/playlist/update/name,POST,"repo-module,pkg-module,types,docs:/playlist/name/update",11a157015641474a2bf06b05f23bc385e8a5ca52356c77cfdd9491bb7747d76c,pkg,true,true,false,更新歌单名,playlist,medium,P1,reversible_write,user,none,playlistId,"playlistId,trackId",,,,,false,false,false,false,true,"id,name",,4,0,blocked_by_prerequisite,endpoints/ncm.playlist_name_update.md,AUTH_USER 账号缺失（B-002）；写操作/私有域已预授权但账号未到位
ncm.playlist_order_update,playlist_order_update,playlist_order_update,/api/playlist/order/update,POST/weapi,"repo-module,pkg-module,types,docs:/playlist/order/update",86f94d37e3f29a5c27edbbaf6daf12d438df71fad40759afe3d61e8aba2fe795,pkg,true,true,false,编辑歌单顺序,playlist,medium,P1,reversible_write,user,none,playlistId,"playlistId,trackId",,,,weapi,false,false,false,false,true,ids,,4,0,blocked_by_prerequisite,endpoints/ncm.playlist_order_update.md,AUTH_USER 账号缺失（B-002）；写操作/私有域已预授权但账号未到位
ncm.playlist_privacy,playlist_privacy,playlist_privacy,/api/playlist/update/privacy,POST,"repo-module,pkg-module,types,docs:/playlist/privacy",d9566a21e59463f5abeb8c4a8e93fee154dcd0360a6e7e140d40db728d01ec34,pkg,true,true,false,公开隐私歌单,playlist,medium,P1,reversible_write,user,none,playlistId,"playlistId,trackId",,,,,false,false,false,false,true,id,,4,0,blocked_by_prerequisite,endpoints/ncm.playlist_privacy.md,AUTH_USER 账号缺失（B-002）；写操作/私有域已预授权但账号未到位
ncm.playlist_subscribe,playlist_subscribe,playlist_subscribe,/api/playlist/${path} (templated),POST/eapi,"repo-module,pkg-module,types,docs:/playlist/subscribe",1541d0d2ba4062bf51517c9b4a3d9e95682e701688fa2cc2a93f794858f3a089,pkg,true,true,false,收藏与取消收藏歌单,playlist,high,P1,reversible_write,user,none,playlistId,"playlistId,trackId",,,,eapi,false,false,false,false,true,"t,id,checkToken",,4,0,blocked_by_prerequisite,endpoints/ncm.playlist_subscribe.md,AUTH_USER 账号缺失（B-002）；写操作/私有域已预授权但账号未到位
ncm.playlist_subscribers,playlist_subscribers,playlist_subscribers,/api/playlist/subscribers,POST,"repo-module,pkg-module,types,docs:/playlist/subscribers",aa1d863dab3cd26fcccf8fd1377bb976bb1edcb6b13646a55223dfedb6f72c4e,pkg,true,true,false,歌单收藏者,playlist,medium,P1,reversible_write,user,offset,"playlistId,pageToken","playlistId,trackId",,,,,false,false,false,false,true,"id,limit,offset","[object Object],[object Object]",4,5,partial,endpoints/ncm.playlist_subscribers.md,AUTH_USER 缺失（B-002，写操作已预授权但账号未到位）
ncm.playlist_tags_update,playlist_tags_update,playlist_tags_update,/api/playlist/tags/update,POST,"repo-module,pkg-module,types,docs:/playlist/tags/update",e546ecc9d8790cdcf463ab9f95590cc9ea83bd645bba010682ad0a34b7e81920,pkg,true,true,false,更新歌单标签,playlist,medium,P1,reversible_write,user,none,playlistId,"playlistId,trackId",,,,,false,false,false,false,true,"id,tags",,4,0,blocked_by_prerequisite,endpoints/ncm.playlist_tags_update.md,AUTH_USER 账号缺失（B-002）；写操作/私有域已预授权但账号未到位
ncm.playlist_track_add,playlist_track_add,playlist_track_add,/api/playlist/track/add,POST/weapi,"repo-module,pkg-module,types,docs:/playlist/track/add",dd4b3ee5a067e28c10695dd32d12e1a92f98d8aa29b73ce71f4442471fca4db5,pkg,true,true,false,,playlist,high,P1,reversible_write,user,none,playlistId,"playlistId,trackId",,,,weapi,false,false,false,false,true,"ids,pid",[object Object],4,0,blocked_by_prerequisite,endpoints/ncm.playlist_track_add.md,AUTH_USER 账号缺失（B-002）；写操作/私有域已预授权但账号未到位
ncm.playlist_track_all,playlist_track_all,playlist_track_all,/api/v6/playlist/detail,POST,"repo-module,pkg-module,types,docs:/playlist/track/all",787aecddc2d29e7a0523974ad78e470b6e647b7d0687697d6cdba0565aca2dfe,pkg,true,true,false,通过传过来的歌单id拿到所有歌曲数据,playlist,high,P1,read,none,offset,"playlistId,pageToken","playlistId,trackId",,,,,false,false,false,false,true,"id,s,limit,offset",[object Object],8,7,partial,endpoints/ncm.playlist_track_all.md,AUTH_USER 缺失（B-002，写操作已预授权但账号未到位）
ncm.playlist_track_delete,playlist_track_delete,playlist_track_delete,/api/playlist/track/delete,POST/weapi,"repo-module,pkg-module,types,docs:/playlist/track/delete",65228a4d3b1382d48157972c868a5aef99da04731789081aa36bf2627dd6bed1,pkg,true,true,false,收藏单曲到歌单 从歌单删除歌曲,playlist,high,P1,reversible_write,user,none,playlistId,"playlistId,trackId",,,,weapi,false,false,false,false,true,"ids,id",[object Object],4,0,blocked_by_prerequisite,endpoints/ncm.playlist_track_delete.md,AUTH_USER 账号缺失（B-002）；写操作/私有域已预授权但账号未到位
ncm.playlist_tracks,playlist_tracks,playlist_tracks,/api/playlist/manipulate/tracks,POST,"repo-module,pkg-module,types,docs:/playlist/tracks",882688ccb3053cf93910d1ab8d80ebacb7e89309145191fcee747b4b12714a8c,pkg,true,true,false,收藏单曲到歌单 从歌单删除歌曲,playlist,high,P1,read,none,none,playlistId,"playlistId,trackId",,,,,false,false,false,false,true,"tracks,op,pid",,8,4,failed_stable,endpoints/ncm.playlist_tracks.md,模块级崩溃：Cannot read properties of undefined (reading split)，4/4 可复现（本地异常，非网络）
ncm.playlist_update,playlist_update,playlist_update,/api/batch,POST,"repo-module,pkg-module,types,docs:/playlist/update",2a8c95d16871a824a9b89beb83fb18a1a46d3e94f412f80f337f74f16394afe7,pkg,true,true,false,编辑歌单,playlist,medium,P1,reversible_write,user,none,playlistId,"playlistId,trackId",,,,,false,false,false,false,true,"desc,tags,id,name","[object Object],[object Object]",4,0,blocked_by_prerequisite,endpoints/ncm.playlist_update.md,AUTH_USER 账号缺失（B-002）；写操作/私有域已预授权但账号未到位
ncm.playlist_update_playcount,playlist_update_playcount,playlist_update_playcount,/api/playlist/update/playcount,POST,"repo-module,pkg-module,types,docs:/playlist/update/playcount",9fe82dd180498bbe7c5eb1876579183704bcdb452273ed98e7c20ca84943cab2,pkg,true,true,false,歌单打卡,playlist,medium,P1,reversible_write,user,none,playlistId,"playlistId,trackId",,,,,false,false,false,false,true,id,,4,0,blocked_by_prerequisite,endpoints/ncm.playlist_update_playcount.md,AUTH_USER 账号缺失（B-002）；写操作/私有域已预授权但账号未到位
ncm.playlist_video_recent,playlist_video_recent,playlist_video_recent,/api/playlist/video/recent,POST/weapi,"repo-module,pkg-module,types,docs:/playlist/video/recent",85292982204afd973a22292dbaeb9146f40369e22b6f2784231a60d990223984,pkg,true,true,false,,playlist,medium,P1,read,user,none,,"playlistId,trackId",,,,weapi,false,false,false,false,true,,,8,3,partial,endpoints/ncm.playlist_video_recent.md,AUTH_USER 缺失（B-002，写操作已预授权但账号未到位）
ncm.playmode_intelligence_list,playmode_intelligence_list,playmode_intelligence_list,/api/playmode/intelligence/list,POST,"repo-module,pkg-module,types,docs:/playmode/intelligence/list",c1726b7ca52e45570b774b29faef52aa2f1fd44c8677522f3a4e26087a9e5b1b,pkg,true,true,false,智能播放,playmode,medium,P2,read,none,none,playlistId,,,,,,false,false,false,false,true,"id,pid,sid,count",[object Object],6,4,partial,endpoints/ncm.playmode_intelligence_list.md,AUTH_USER 账号缺失（B-002）；写操作/私有域已预授权但账号未到位
ncm.playmode_song_vector,playmode_song_vector,playmode_song_vector,/api/playmode/song/vector/get,POST,"repo-module,pkg-module,types,docs-missing",2c958ca493d547af0e31e4f59f28c293e80be4b8b26b283ad1011c945e33288a,pkg,true,true,false,云随机播放,playmode,medium,P2,read,none,none,,,,,,,false,false,false,false,true,ids,,6,4,partial,endpoints/ncm.playmode_song_vector.md,AUTH_USER 账号缺失（B-002）；写操作/私有域已预授权但账号未到位
ncm.program_recommend,program_recommend,program_recommend,/api/program/recommend/v1,POST/weapi,"repo-module,pkg-module,types,docs:/program/recommend",50cdb7f2388acaf245c3105f80eb5c1e0304999ecce55272a33451f83edc3649,pkg,true,true,false,推荐节目,dj,medium,P2,read,none,offset,pageToken,"djId,programId,radioId",,,,weapi,false,false,false,false,true,"type,limit,offset","[object Object],[object Object]",10,4,partial,endpoints/ncm.program_recommend.md,AUTH_USER 账号缺失（B-002）；写操作/私有域已预授权但账号未到位
ncm.radio_sport_get,radio_sport_get,radio_sport_get,/api/radio/sport/get,POST,"repo-module,pkg-module,types,docs:/radio/sport/get",ba2547fe11faa5ea96e939ecd7a2104aebd45252ec9198c412ec3dee0b5a7b6f,pkg,true,true,false,跑步漫游,radio,rare,P2,read,none,none,,"djId,programId,radioId",,,,,false,false,false,false,true,bpm,[object Object],5,4,partial,endpoints/ncm.radio_sport_get.md,AUTH_USER 账号缺失（B-002）；写操作/私有域已预授权但账号未到位
ncm.rebind,rebind,rebind,/api/user/replaceCellphone,POST/weapi,"repo-module,pkg-module,types,docs:/rebind",d098850aa294024d2f8a4f0f9accc2621a87e50d767e3bb2738ed98375fad030,pkg,true,true,false,更换手机,auth,medium,P5,credential,user,none,,,,,,weapi,false,false,false,false,true,"captcha,phone,oldcaptcha,ctcode",[object Object],8,0,blocked_by_prerequisite,endpoints/ncm.rebind.md,AUTH_USER 账号缺失（B-002）；写操作/私有域已预授权但账号未到位
ncm.recent_listen_list,recent_listen_list,recent_listen_list,/api/pc/recent/listen/list,POST,"repo-module,pkg-module,types,docs:/recent/listen/list",53a17ed25e291427c0ffa7aaa3c1a47e9ae9c3dc54a2df8f9ad933a1749dffe8,pkg,true,true,false,最近听歌列表,listen-history,medium,P2,read,user,none,,,,,,,false,false,false,false,true,,,6,0,blocked_by_prerequisite,endpoints/ncm.recent_listen_list.md,AUTH_USER 账号缺失（B-002）；写操作/私有域已预授权但账号未到位
ncm.recommend_resource,recommend_resource,recommend_resource,/api/v1/discovery/recommend/resource,POST/weapi,"repo-module,pkg-module,types,docs:/recommend/resource",c60687445d968c85cd3b62a71964ddb731bd4b73ce682d3e30adc4dffcc59df8,pkg,true,true,false,每日推荐歌单,recommend,high,P0,read,user,none,,"songId,playlistId",,,,weapi,false,false,false,false,true,,,6,4,partial,endpoints/ncm.recommend_resource.md,AUTH_USER 账号缺失（B-002）；写操作/私有域已预授权但账号未到位
ncm.recommend_songs,recommend_songs,recommend_songs,/api/v3/discovery/recommend/songs,POST/weapi,"repo-module,pkg-module,types,docs:/recommend/songs",2a09b5ca8f0609c4d0efcac5c10ef49e6d457361ce3134b04f75b0e09edd35b2,pkg,true,true,false,每日推荐歌曲,recommend,high,P0,read,user,none,,"songId,playlistId",,,,weapi,false,false,false,false,true,afresh,,6,4,partial,endpoints/ncm.recommend_songs.md,AUTH_USER 账号缺失（B-002）；写操作/私有域已预授权但账号未到位
ncm.recommend_songs_dislike,recommend_songs_dislike,recommend_songs_dislike,/api/v2/discovery/recommend/dislike,POST/weapi,"repo-module,pkg-module,types,docs:/recommend/songs/dislike",59fe44e57718ccb14c4be0c28d2b25922f5ac184a8be3b7d980fccaf1c135248,pkg,true,true,false,每日推荐歌曲-不感兴趣,recommend,high,P0,reversible_write,user,none,,"songId,playlistId",,,,weapi,false,false,false,false,true,id,,4,0,blocked_by_prerequisite,endpoints/ncm.recommend_songs_dislike.md,AUTH_USER 账号缺失（B-002）；写操作/私有域已预授权但账号未到位
ncm.record_recent_album,record_recent_album,record_recent_album,/api/play-record/album/list,POST/weapi,"repo-module,pkg-module,types,docs:/record/recent/album",bd915973ff7219f2eb9bb1296dff59c5232aa6493e0a194813a2f36fc613a80f,pkg,true,true,false,,listen-history,high,P2,read,user,offset,pageToken,"songId,playlistId,albumId",,,,weapi,false,false,false,false,true,limit,[object Object],10,4,partial,endpoints/ncm.record_recent_album.md,AUTH_USER 账号缺失（B-002）；写操作/私有域已预授权但账号未到位
ncm.record_recent_dj,record_recent_dj,record_recent_dj,/api/play-record/djradio/list,POST/weapi,"repo-module,pkg-module,types,docs:/record/recent/dj",8f259e4958d95f069e16f982f8f335422f1ffee6deb838abffb2e0bab75c15ab,pkg,true,true,false,,listen-history,medium,P2,read,user,offset,pageToken,"songId,playlistId,albumId",,,,weapi,false,false,false,false,true,limit,[object Object],10,4,partial,endpoints/ncm.record_recent_dj.md,AUTH_USER 账号缺失（B-002）；写操作/私有域已预授权但账号未到位
ncm.record_recent_playlist,record_recent_playlist,record_recent_playlist,/api/play-record/playlist/list,POST/weapi,"repo-module,pkg-module,types,docs:/record/recent/playlist",f800cccfdafa6f170fb0c5554d526174e74790bff8f3e14791119111da66a9e7,pkg,true,true,false,,listen-history,high,P2,read,user,offset,pageToken,"songId,playlistId,albumId",,,,weapi,false,false,false,false,true,limit,[object Object],10,4,partial,endpoints/ncm.record_recent_playlist.md,AUTH_USER 账号缺失（B-002）；写操作/私有域已预授权但账号未到位
ncm.record_recent_song,record_recent_song,record_recent_song,/api/play-record/song/list,POST/weapi,"repo-module,pkg-module,types,docs:/record/recent/song",93b65c0d5bf6c9d912ce3c6d5da79f8d5168b3247473b7c0ddb54bbc8638c6db,pkg,true,true,false,,listen-history,high,P2,read,user,offset,pageToken,"songId,playlistId,albumId",,,,weapi,false,false,false,false,true,limit,[object Object],10,4,partial,endpoints/ncm.record_recent_song.md,AUTH_USER 账号缺失（B-002）；写操作/私有域已预授权但账号未到位
ncm.record_recent_video,record_recent_video,record_recent_video,/api/play-record/newvideo/list,POST/weapi,"repo-module,pkg-module,types,docs:/record/recent/video",85686559b2ea654f1fd2c88c5ad4df1ed99be8cd22c12621a1fbd2f866fbd606,pkg,true,true,false,,listen-history,medium,P2,read,user,offset,pageToken,"songId,playlistId,albumId",,,,weapi,false,false,false,false,true,limit,[object Object],10,4,partial,endpoints/ncm.record_recent_video.md,AUTH_USER 账号缺失（B-002）；写操作/私有域已预授权但账号未到位
ncm.record_recent_voice,record_recent_voice,record_recent_voice,/api/play-record/voice/list,POST/weapi,"repo-module,pkg-module,types,docs:/record/recent/voice",bd9584ca4427177615c01815adb4010dee99d06c083e23f062f07722c9bba8a7,pkg,true,true,false,,listen-history,medium,P2,read,user,offset,pageToken,"songId,playlistId,albumId",,,,weapi,false,false,false,false,true,limit,[object Object],10,4,partial,endpoints/ncm.record_recent_voice.md,AUTH_USER 账号缺失（B-002）；写操作/私有域已预授权但账号未到位
ncm.register_anonimous,register_anonimous,register_anonimous,/api/register/anonimous,POST/xeapi,"repo-module,pkg-module,types,docs-missing",a3211a71bf02bdee0bf56e85c95347485b4898abaf46e1d70c4cfc22bb3248a7,pkg,true,true,false,获取游客cookie,auth,high,P0,credential,none,none,,"cookie,uid",,,,xeapi,false,false,false,false,true,,,8,2,rate_limited,endpoints/ncm.register_anonimous.md,匿名注册风控：成功路径已验证后被连续 code 400
ncm.register_cellphone,register_cellphone,register_cellphone,/api/w/register/cellphone,POST,"repo-module,pkg-module,types,docs:/register/cellphone",464cd21bd75a7164cda565d9c9c3b1c4aff36c58f6034e209520c25748843e6a,pkg,true,true,false,注册账号,auth,medium,P0,credential,user,none,,"cookie,uid",,,,,false,false,false,false,true,"captcha,phone,password,nickname,countrycode",[object Object],8,0,blocked_by_prerequisite,endpoints/ncm.register_cellphone.md,AUTH_USER 账号缺失（B-002）；写操作/私有域已预授权但账号未到位
ncm.register_checktoken_v2,register_checktoken_v2,register_checktoken_v2,direct-call,direct-call,"repo-module,pkg-module,types-missing,docs-missing",4c2aef49f3e3b8c60d808478fe30b565907df85b644180a397534eeb424d108f,pkg,true,true,false,易盾反作弊 Token 注册端点,auth,medium,P0,credential,user,none,,"cookie,uid",,,,,false,false,false,true,true,refresh,,8,0,blocked_by_prerequisite,endpoints/ncm.register_checktoken_v2.md,AUTH_USER 账号缺失（B-002）；写操作/私有域已预授权但账号未到位
ncm.register_checktoken_v3,register_checktoken_v3,register_checktoken_v3,direct-call,direct-call,"repo-module,pkg-module,types-missing,docs-missing",7565f3c309ccfaceb49ba12c9cbef899c99ef38093b30e22aa554e82b7b9c482,pkg,true,true,false,易盾反作弊 Token 注册端点,auth,medium,P0,credential,user,none,,"cookie,uid",,,,,false,false,false,true,true,refresh,,8,0,blocked_by_prerequisite,endpoints/ncm.register_checktoken_v3.md,AUTH_USER 账号缺失（B-002）；写操作/私有域已预授权但账号未到位
ncm.register_xeapikey,register_xeapikey,register_xeapikey,direct-call,direct-call,"repo-module,pkg-module,types-missing,docs-missing",507a169b3f1574d058f51d018ff2a6657f54341d827b938b6828f814ad1226a6,pkg,true,true,false,,auth,medium,P0,credential,user,none,,"cookie,uid",,,,,false,false,false,true,true,"deviceId,currentKeyVersion",,8,3,failed_stable,endpoints/ncm.register_xeapikey.md,XEAPI-001：模块要求 sk，服务器返回 publicKey/version/nextUpdateTime；xeapiSignKey 回退可用
ncm.related_allvideo,related_allvideo,related_allvideo,/api/cloudvideo/v1/allvideo/rcmd,POST/weapi,"repo-module,pkg-module,types,docs:/related/allvideo",d475e84f6e452fcde2f814786081758346d1bf45330c346e91272603f14a81d2,pkg,true,true,false,相关视频,related,high,P1,read,none,none,,"playlistId,videoId",,,,weapi,false,false,false,false,true,id,,6,4,partial,endpoints/ncm.related_allvideo.md,AUTH_USER 缺失（B-002，写操作已预授权但账号未到位）
ncm.related_playlist,related_playlist,related_playlist,direct-call,direct-call,"repo-module,pkg-module,types,docs:/related/playlist",a1f3330d0618661f83954be9932a7c615d207daeb90815cd047b3d248aa0d92e,pkg,true,true,false,相关歌单,related,high,P1,read,none,none,,"playlistId,videoId",,,,,false,false,false,true,true,id,,6,2,partial,endpoints/ncm.related_playlist.md,AUTH_USER 缺失（B-002，写操作已预授权但账号未到位）
ncm.relay_play_state_submit,relay_play_state_submit,relay_play_state_submit,/api/relay/play/state/submit,POST/weapi,"repo-module,pkg-module,types-missing,docs:/relay/play/state/submit",983b6f568330b5a9cd118ea077c397db2a11d4d86ce7a5ab68d682d65fbf30f3,pkg,true,true,false,提交歌曲播放状态,telemetry,medium,P2,reversible_write,user,none,,,,,,weapi,false,false,false,false,true,,,4,0,blocked_by_prerequisite,endpoints/ncm.relay_play_state_submit.md,AUTH_USER 账号缺失（B-002）；写操作/私有域已预授权但账号未到位
ncm.rep_ugc_activity_collect,rep_ugc_activity_collect,rep_ugc_activity_collect,/api/rep/ugc/activity/collect,POST/eapi,"repo-module,pkg-module,types-missing,docs:/rep/ugc/activity/collect",30f698936217437c47d1421c17cf9fe4ad48382ad810848aa633bfcd8cb81e9a,pkg,true,true,false,云小编领取任务积分,ugc,rare,P2,reversible_write,user,none,,,,,,eapi,false,false,false,false,true,activityId,[object Object],4,0,blocked_by_prerequisite,endpoints/ncm.rep_ugc_activity_collect.md,AUTH_USER 账号缺失（B-002）；写操作/私有域已预授权但账号未到位
ncm.rep_ugc_activity_get,rep_ugc_activity_get,rep_ugc_activity_get,/api/rep/ugc/activity/get,POST/eapi,"repo-module,pkg-module,types-missing,docs:/rep/ugc/activity/get",c323027e7229a908421bdd212bf66b72817d52c132df3f305d37b5c0f1973a9b,pkg,true,true,false,云小编活动信息,ugc,rare,P2,read,user,none,,,,,,eapi,false,false,false,false,true,,,5,0,blocked_by_prerequisite,endpoints/ncm.rep_ugc_activity_get.md,AUTH_USER 账号缺失（B-002）；写操作/私有域已预授权但账号未到位
ncm.rep_ugc_exam_info_get,rep_ugc_exam_info_get,rep_ugc_exam_info_get,/api/rep/ugc/exam/info/get,POST/eapi,"repo-module,pkg-module,types-missing,docs-missing",3fde66ad939e9b5629622fccf10a4442d08003c5744098ab38446ccbd7f56f82,pkg,true,true,false,云小编考试状态,ugc,rare,P2,reversible_write,user,none,,,,,,eapi,false,false,false,false,true,examType,,4,0,blocked_by_prerequisite,endpoints/ncm.rep_ugc_exam_info_get.md,AUTH_USER 账号缺失（B-002）；写操作/私有域已预授权但账号未到位
ncm.rep_ugc_exam_question_single_get,rep_ugc_exam_question_single_get,rep_ugc_exam_question_single_get,/api/rep/ugc/exam/question/single/get,POST/eapi,"repo-module,pkg-module,types-missing,docs-missing",0f36470081e35bc2445b39280da470f311390b6ee1930967df53c2c30309dc37,pkg,true,true,false,云小编考试取题,ugc,rare,P2,reversible_write,user,none,,,,,,eapi,false,false,false,false,true,"examType,taskId",,4,0,blocked_by_prerequisite,endpoints/ncm.rep_ugc_exam_question_single_get.md,AUTH_USER 账号缺失（B-002）；写操作/私有域已预授权但账号未到位
ncm.rep_ugc_exam_result_get,rep_ugc_exam_result_get,rep_ugc_exam_result_get,/api/rep/ugc/exam/result/get,POST/eapi,"repo-module,pkg-module,types-missing,docs-missing",045e91dc9b4118a5488a45faac90ee92dff6e62ba30b265bda91841b56ca0b36,pkg,true,true,false,云小编考试结果,ugc,rare,P2,reversible_write,user,none,,,,,,eapi,false,false,false,false,true,"examType,taskId",,4,0,blocked_by_prerequisite,endpoints/ncm.rep_ugc_exam_result_get.md,AUTH_USER 账号缺失（B-002）；写操作/私有域已预授权但账号未到位
ncm.rep_ugc_exam_start,rep_ugc_exam_start,rep_ugc_exam_start,/api/rep/ugc/exam/start,POST/eapi,"repo-module,pkg-module,types-missing,docs-missing",5ff78a940572fc05806d73e7232cfd7bd9f5e0a02f295d49c2f8b7246a39147a,pkg,true,true,false,云小编考试开始,ugc,rare,P2,reversible_write,user,none,,,,,,eapi,false,false,false,false,true,examType,,4,0,blocked_by_prerequisite,endpoints/ncm.rep_ugc_exam_start.md,AUTH_USER 账号缺失（B-002）；写操作/私有域已预授权但账号未到位
ncm.rep_ugc_exam_submit,rep_ugc_exam_submit,rep_ugc_exam_submit,/api/rep/ugc/exam/submit,POST/eapi,"repo-module,pkg-module,types-missing,docs-missing",d736021cdb7ba27e50001759feaf2114b5d2d39a8f980a34977870a561eecb0d,pkg,true,true,false,云小编考试提交,ugc,rare,P2,reversible_write,user,none,,,,,,eapi,false,false,false,false,true,"examType,taskId,questionId,answer",,4,0,blocked_by_prerequisite,endpoints/ncm.rep_ugc_exam_submit.md,AUTH_USER 账号缺失（B-002）；写操作/私有域已预授权但账号未到位
ncm.rep_ugc_user_collect-vip,rep_ugc_user_collect-vip,rep_ugc_user_collect-vip,/api/rep/ugc/user/collect-vip,POST/eapi,"repo-module,pkg-module,types-missing,docs:/rep/ugc/user/collect-vip",8f960d2ee3a74bf97fed7a830034de0ea8cb2a39178987a3cc1c322137707aad,pkg,true,true,false,云小编领取一日会员,ugc,rare,P2,reversible_write,user,none,,,,,,eapi,false,false,false,false,true,activityId,[object Object],4,0,blocked_by_prerequisite,endpoints/ncm.rep_ugc_user_collect-vip.md,AUTH_USER 账号缺失（B-002）；写操作/私有域已预授权但账号未到位
ncm.rep_ugc_user_get,rep_ugc_user_get,rep_ugc_user_get,/api/rep/ugc/user/get,POST/eapi,"repo-module,pkg-module,types-missing,docs:/rep/ugc/user/get",f629141fbf02384406d11451745db1a46c3cfbe74497057d9017bbea063a74be,pkg,true,true,false,云小编获取用户详情,ugc,rare,P2,read,user,none,,,,,,eapi,false,false,false,false,true,,,5,0,blocked_by_prerequisite,endpoints/ncm.rep_ugc_user_get.md,AUTH_USER 账号缺失（B-002）；写操作/私有域已预授权但账号未到位
ncm.rep_ugc_user_sign,rep_ugc_user_sign,rep_ugc_user_sign,/api/rep/ugc/user/sign,POST/eapi,"repo-module,pkg-module,types-missing,docs:/rep/ugc/user/sign",a403eed12651059242c249c0b5fcdaf741f19aaf6430700ab56a01f5a6dcd084,pkg,true,true,false,云小编每日签到,ugc,rare,P2,reversible_write,user,none,,,,,,eapi,false,false,false,false,true,,,4,0,blocked_by_prerequisite,endpoints/ncm.rep_ugc_user_sign.md,AUTH_USER 账号缺失（B-002）；写操作/私有域已预授权但账号未到位
ncm.rep_ugc_user_vip,rep_ugc_user_vip,rep_ugc_user_vip,/api/rep/ugc/user/vip,POST/eapi,"repo-module,pkg-module,types-missing,docs:/rep/ugc/user/vip",938652756cc384a8e3ac48bc75959ad720e9d12c37ce8ac9d263251c944f12f0,pkg,true,true,false,云小编查询会员任务状态,ugc,rare,P2,reversible_write,user,none,,,,,,eapi,false,false,false,false,true,,,4,0,blocked_by_prerequisite,endpoints/ncm.rep_ugc_user_vip.md,AUTH_USER 账号缺失（B-002）；写操作/私有域已预授权但账号未到位
ncm.resource_like,resource_like,resource_like,/api/resource/${query.t} (templated),POST/weapi,"repo-module,pkg-module,types,docs:/resource/like",01d139a5fb7b241aa1e1f08efdf1a60f0415289d393a6ecadd7e6f62b062f823,pkg,true,true,false,点赞与取消点赞资源,social,medium,P2,reversible_write,user,none,threadId,,,,,weapi,false,false,false,false,true,"t,type,id,threadId",,4,0,blocked_by_prerequisite,endpoints/ncm.resource_like.md,AUTH_USER 账号缺失（B-002）；写操作/私有域已预授权但账号未到位
ncm.sati_resource_list,sati_resource_list,sati_resource_list,/api/voice/sati/resource/list,POST,"repo-module,pkg-module,types,docs:/sati/resource/list",9483ca53abd6eefe0ce397ec659226f1b9a0e20e9c4a34b021d7bc95c06318ae,pkg,true,true,false,助眠解压 - 获取标签下资源列表,ugc,rare,P2,read,none,none,,,,,,,false,false,false,false,true,tag,,5,0,blocked_by_prerequisite,endpoints/ncm.sati_resource_list.md,缺夹具：satiId 无生产者（池为空）
ncm.sati_resource_list_more,sati_resource_list_more,sati_resource_list_more,/api/voice/sati/resource/list/more/v1,POST,"repo-module,pkg-module,types,docs:/sati/resource/list/more",b8b8e76a7013c5e5ef217cfd001d7ed431252847329a414716248a765708082a,pkg,true,true,false,助眠解压 - 查看同类推荐,ugc,rare,P2,read,none,none,,,,,,,false,false,false,false,true,id,,5,0,blocked_by_prerequisite,endpoints/ncm.sati_resource_list_more.md,缺夹具：satiId 无生产者（池为空）
ncm.sati_resource_sub,sati_resource_sub,sati_resource_sub,/api/voice/sati/resource/sub,POST,"repo-module,pkg-module,types,docs:/sati/resource/sub",7911c864a1d1a8fa266ec9d265696ea6e5a145c92ea9ef4b4bd7e3fbe245d722,pkg,true,true,false,助眠解压 - 收藏,ugc,medium,P2,reversible_write,user,none,,,,,,,false,false,false,false,true,"id,cancel",,4,0,blocked_by_prerequisite,endpoints/ncm.sati_resource_sub.md,AUTH_USER 账号缺失（B-002）；写操作/私有域已预授权但账号未到位
ncm.sati_resource_sub_list,sati_resource_sub_list,sati_resource_sub_list,/api/voice/sati/resource/sub/list,POST,"repo-module,pkg-module,types,docs:/sati/resource/sub/list",598ec0687559fd1d5e77f956915c3f2879dc8363036bd2d1e4e939db395e7fb3,pkg,true,true,false,助眠解压 - 收藏列表,ugc,medium,P2,reversible_write,user,none,,,,,,,false,false,false,false,true,,,4,0,blocked_by_prerequisite,endpoints/ncm.sati_resource_sub_list.md,AUTH_USER 账号缺失（B-002）；写操作/私有域已预授权但账号未到位
ncm.sati_tag_list,sati_tag_list,sati_tag_list,/api/voice/sati/tag/list,POST,"repo-module,pkg-module,types,docs:/sati/tag/list",cffdcbbe043a04052b49bb690e715601931738f73840f53797d4eb9e84d962dd,pkg,true,true,false,助眠解压 - 标签列表,ugc,medium,P2,read,none,none,,,,,,,false,false,false,false,true,,,6,0,blocked_by_prerequisite,endpoints/ncm.sati_tag_list.md,缺夹具：satiId 无生产者（池为空）
ncm.sati_timescene_resources_get,sati_timescene_resources_get,sati_timescene_resources_get,/api/voice/sati/timescene/resources/get,POST,"repo-module,pkg-module,types,docs:/sati/timescene/resources/get",fb5773068ad8a98af7e2399b0f6eb165b0e6df7ee753ede9f0c21447219c352d,pkg,true,true,false,助眠解压 - 特定时间场景下的推荐资源,ugc,rare,P2,read,none,none,,,,,,,false,false,false,false,true,,,5,0,blocked_by_prerequisite,endpoints/ncm.sati_timescene_resources_get.md,缺夹具：satiId 无生产者（池为空）
ncm.scrobble,scrobble,scrobble,/api/feedback/weblog,POST/eapi,"repo-module,pkg-module,types,docs:/scrobble",55335d1aad3eac75aedf71d0556c1c26cd04a5ad81c792ef4df73709d14d575e,pkg,true,true,false,听歌打卡,telemetry,medium,P2,reversible_write,user,cursor,,,,,,eapi,false,false,true,false,true,"cookie,id,sourceid,time",,4,0,blocked_by_prerequisite,endpoints/ncm.scrobble.md,AUTH_USER 账号缺失（B-002）；写操作/私有域已预授权但账号未到位
ncm.scrobble_v1,scrobble_v1,scrobble_v1,direct-call,direct-call,"repo-module,pkg-module,types-missing,docs-missing",6f680aa4fe637a51868fde0fa80e92819f895aa7022e1b479c34ed149b818509,pkg,true,true,false,听歌打卡 - NCBL 加密版 (仿桌面客户端 PLV/PLD 上报),telemetry,medium,P2,reversible_write,user,cursor,,,,,,,false,false,true,true,true,"id,time,total,sourceid,sourceId,source,cookie,name,artist,bitrate,level,vip","[object Object],[object Object],[object Object]",4,0,blocked_by_prerequisite,endpoints/ncm.scrobble_v1.md,AUTH_USER 账号缺失（B-002）；写操作/私有域已预授权但账号未到位
ncm.search,search,search,/api/search/voice/get,POST,"repo-module,pkg-module,types,docs:/search",0272ab7a5620253eefc80708f6116876e8ae0c3745d1028a0062d71d8f689bf4,pkg,true,true,false,搜索,search,high,P0,read,none,offset,pageToken,"songId,artistId,albumId,playlistId,mvId,videoId,djId",,,,,false,false,false,false,true,"type,keywords,limit,offset","[object Object],[object Object],[object Object],[object Object],[object Object]",10,17,partial,endpoints/ncm.search.md,AUTH_USER 登录层缺失（账号待申请，见 B-002）；三态对比未完成
ncm.search_default,search_default,search_default,/api/search/defaultkeyword/get,POST,"repo-module,pkg-module,types,docs:/search/default",a65dfd804593330f54cb22f057c4c16d6f9ac78f4372d1de19d2bf2294e169eb,pkg,true,true,false,默认搜索关键词,search,high,P0,read,none,none,,"songId,artistId,albumId,playlistId,mvId,videoId,djId",,,,,false,false,false,false,true,,,10,4,partial,endpoints/ncm.search_default.md,AUTH_USER 登录层缺失（账号待申请，见 B-002）；三态对比未完成
ncm.search_hot,search_hot,search_hot,/api/search/hot,POST,"repo-module,pkg-module,types,docs:/search/hot",ea366a190326a52a7e0199ab63a03db4210bbaf3658b245b85c78f0869b857b5,pkg,true,true,false,热门搜索,search,high,P0,read,none,none,,"songId,artistId,albumId,playlistId,mvId,videoId,djId",,,,,false,false,false,false,true,,,10,4,partial,endpoints/ncm.search_hot.md,AUTH_USER 登录层缺失（账号待申请，见 B-002）；三态对比未完成
ncm.search_hot_detail,search_hot_detail,search_hot_detail,/api/hotsearchlist/get,POST/weapi,"repo-module,pkg-module,types,docs:/search/hot/detail",025969627c943d13d89e8fa69a8552fd447534155757e4d874837789d0c97632,pkg,true,true,false,热搜列表,search,medium,P0,read,none,none,,"songId,artistId,albumId,playlistId,mvId,videoId,djId",,,,weapi,false,false,false,false,true,,,10,4,partial,endpoints/ncm.search_hot_detail.md,AUTH_USER 登录层缺失（账号待申请，见 B-002）；三态对比未完成
ncm.search_match,search_match,search_match,/api/search/match/new,POST,"repo-module,pkg-module,types,docs:/search/match",690e0b7a2eefc30651ec2bbd17a4ba032230d74e3f5ef763909bf16f7e146ebf,pkg,true,true,false,本地歌曲匹配音乐信息,search,high,P0,read,none,none,,"songId,artistId,albumId,playlistId,mvId,videoId,djId",,,,,false,false,false,false,true,"title,album,artist,duration,md5","[object Object],[object Object],[object Object],[object Object]",10,4,partial,endpoints/ncm.search_match.md,AUTH_USER 账号缺失（B-002）；写操作/私有域已预授权但账号未到位
ncm.search_multimatch,search_multimatch,search_multimatch,/api/search/suggest/multimatch,POST/weapi,"repo-module,pkg-module,types,docs:/search/multimatch",a37c892438f8c7b159339a6be9992f274a5c8a1c11025e2c98c81017f06e4f02,pkg,true,true,false,多类型搜索,search,high,P0,read,none,none,,"songId,artistId,albumId,playlistId,mvId,videoId,djId",,,,weapi,false,false,false,false,true,"type,keywords","[object Object],[object Object]",10,4,partial,endpoints/ncm.search_multimatch.md,AUTH_USER 登录层缺失（账号待申请，见 B-002）；三态对比未完成
ncm.search_suggest,search_suggest,search_suggest,/api/search/suggest/,POST/weapi,"repo-module,pkg-module,types,docs:/search/suggest",d400e46560aaed24d85b02d3d2d192d9a1f10b2b00dcb7a230dd008d39da371b,pkg,true,true,false,搜索建议,search,high,P0,read,none,none,,"songId,artistId,albumId,playlistId,mvId,videoId,djId",,,,weapi,false,false,false,false,true,"keywords,type",[object Object],10,6,partial,endpoints/ncm.search_suggest.md,AUTH_USER 登录层缺失（账号待申请，见 B-002）；三态对比未完成
ncm.search_suggest_pc,search_suggest_pc,search_suggest_pc,/api/search/pc/suggest/keyword/get,POST,"repo-module,pkg-module,types,docs:/search/suggest/pc",919626d6e359833e5afe864567763ba326b44c9fef17b45c5deb7f1d0fb30cdc,pkg,true,true,false,搜索建议pc端,search,medium,P0,read,none,none,,"songId,artistId,albumId,playlistId,mvId,videoId,djId",,,,,false,false,false,false,true,keyword,[object Object],10,4,partial,endpoints/ncm.search_suggest_pc.md,AUTH_USER 账号缺失（B-002）；写操作/私有域已预授权但账号未到位
ncm.send_album,send_album,send_album,/api/msg/private/send,POST,"repo-module,pkg-module,types,docs:/send/album",f1b6fa34580dd33251ef16bb34607fd90787e8aebd3d1c586252e0c648ed56aa,pkg,true,true,false,私信专辑,social,medium,P2,reversible_write,user,none,,,,,,,false,false,false,false,true,"id,msg,user_ids",[object Object],4,0,blocked_by_prerequisite,endpoints/ncm.send_album.md,AUTH_USER 账号缺失（B-002）；写操作/私有域已预授权但账号未到位
ncm.send_playlist,send_playlist,send_playlist,/api/msg/private/send,POST,"repo-module,pkg-module,types,docs:/send/playlist",ebb12c1ae9d883ca0ad45a56c7fc71e3953d359d0a75e13467004d2f5b8f08f5,pkg,true,true,false,私信歌单,social,medium,P2,reversible_write,user,none,,,,,,,false,false,false,false,true,"playlist,msg,user_ids",,4,0,blocked_by_prerequisite,endpoints/ncm.send_playlist.md,AUTH_USER 账号缺失（B-002）；写操作/私有域已预授权但账号未到位
ncm.send_song,send_song,send_song,/api/msg/private/send,POST,"repo-module,pkg-module,types,docs:/send/song",51f94841576599da996f6ce3cc8459a9511fe43d6f87da06505cdb2c8477d207,pkg,true,true,false,私信歌曲,social,medium,P2,reversible_write,user,none,,,,,,,false,false,false,false,true,"id,msg,user_ids",[object Object],4,0,blocked_by_prerequisite,endpoints/ncm.send_song.md,AUTH_USER 账号缺失（B-002）；写操作/私有域已预授权但账号未到位
ncm.send_text,send_text,send_text,/api/msg/private/send,POST,"repo-module,pkg-module,types,docs:/send/text",b707cc54efb21caaece73f92cdfad4ae87e28d541348e129d0cb0967792db275,pkg,true,true,false,私信,social,medium,P2,reversible_write,user,none,,,,,,,false,false,false,false,true,"msg,user_ids",,4,0,blocked_by_prerequisite,endpoints/ncm.send_text.md,AUTH_USER 账号缺失（B-002）；写操作/私有域已预授权但账号未到位
ncm.setting,setting,setting,/api/user/setting,POST/weapi,"repo-module,pkg-module,types,docs:/setting",11d617883182b63466b3ebe7120be27b7e61cef50abb835473809200cfc6f9f0,pkg,true,true,false,设置,system,medium,P0,read,none,none,,,,,,weapi,false,false,false,false,true,,,6,4,partial,endpoints/ncm.setting.md,AUTH_USER 账号缺失（B-002）；写操作/私有域已预授权但账号未到位
ncm.share_resource,share_resource,share_resource,/api/share/friends/resource,POST,"repo-module,pkg-module,types,docs:/share/resource",c142d01842ae0a96d73783f35155a1d59b457c43240cb785824d06c8c06e9241,pkg,true,true,true,分享歌曲到动态,social,medium,P2,reversible_write,user,none,,,,,,,false,false,false,false,true,"type,msg,id","[object Object],[object Object],[object Object]",4,0,blocked_by_prerequisite,endpoints/ncm.share_resource.md,AUTH_USER 账号缺失（B-002）；写操作/私有域已预授权但账号未到位
ncm.sheet_list,sheet_list,sheet_list,/api/music/sheet/list/v1,POST,"repo-module,pkg-module,types,docs:/sheet/list",adad7d6a64acb88b447d1bddaeebe1fa0a72193d04e24e54d7a4269824ed2f75,pkg,true,true,false,乐谱列表,playlist,rare,P2,read,none,none,,"playlistId,trackId",,,,,false,false,false,false,true,"id,ab",[object Object],5,0,blocked_by_prerequisite,endpoints/ncm.sheet_list.md,缺夹具：sheetId 无生产者（池为空）
ncm.sheet_preview,sheet_preview,sheet_preview,/api/music/sheet/preview/info,POST,"repo-module,pkg-module,types,docs:/sheet/preview",becbce24164a78e1f03bdb97e5efbdaf720c8ddc39847cd70d6f22f154de20a6,pkg,true,true,false,乐谱预览,playlist,rare,P2,read,none,none,,"playlistId,trackId",,,,,false,false,false,false,true,id,,5,0,blocked_by_prerequisite,endpoints/ncm.sheet_preview.md,缺夹具：sheetId 无生产者（池为空）
ncm.sign_happy_info,sign_happy_info,sign_happy_info,/api/sign/happy/info,POST/weapi,"repo-module,pkg-module,types,docs:/sign/happy/info",c602e961e712774979a0c1c496b39dc7a7dca9aecddf19a26b8661a0360d5ee0,pkg,true,true,false,,sign,rare,P3,reversible_write,none,none,,,,,,weapi,false,false,false,false,true,,,4,0,blocked_by_prerequisite,endpoints/ncm.sign_happy_info.md,AUTH_USER 账号缺失（B-002）；写操作/私有域已预授权但账号未到位
ncm.signin_progress,signin_progress,signin_progress,/api/act/modules/signin/v2/progress,POST/weapi,"repo-module,pkg-module,types,docs:/signin/progress",b5d89e5598c705121b30507c3952fd9b6122f4c99116ffdeefb2b30072d54fc1,pkg,true,true,false,签到进度,sign,high,P3,read,user,none,,,,,,weapi,false,false,false,false,true,moduleId,[object Object],6,0,blocked_by_prerequisite,endpoints/ncm.signin_progress.md,AUTH_USER 账号缺失（B-002）；写操作/私有域已预授权但账号未到位
ncm.simi_artist,simi_artist,simi_artist,/api/discovery/simiArtist,POST/weapi,"repo-module,pkg-module,types,docs:/simi/artist",db9f58140f368e5d0eeeb2497894471efc644ac7ad31d2faf90d99ee3934d01d,pkg,true,true,false,相似歌手,simi,high,P1,read,none,none,,"songId,artistId,playlistId,userId",,,,weapi,false,false,false,false,true,id,,6,4,partial,endpoints/ncm.simi_artist.md,AUTH_USER 缺失（B-002，写操作已预授权但账号未到位）
ncm.simi_mv,simi_mv,simi_mv,/api/discovery/simiMV,POST/weapi,"repo-module,pkg-module,types,docs:/simi/mv",5237f2b7e8725ea0123c9fad0558a7a36e82f131e793f1e78a8a3ef7555a63c3,pkg,true,true,false,相似MV,simi,medium,P1,read,none,none,,"songId,artistId,playlistId,userId",,,,weapi,false,false,false,false,true,mvid,,6,4,partial,endpoints/ncm.simi_mv.md,AUTH_USER 缺失（B-002，写操作已预授权但账号未到位）
ncm.simi_playlist,simi_playlist,simi_playlist,/api/discovery/simiPlaylist,POST/weapi,"repo-module,pkg-module,types,docs:/simi/playlist",778d3532fb192a092943ba0cb6b80f211826b79a7f001a319638213a4e715368,pkg,true,true,false,相似歌单,simi,high,P1,read,none,offset,pageToken,"songId,artistId,playlistId,userId",,,,weapi,false,false,false,false,true,"id,limit,offset","[object Object],[object Object]",10,4,partial,endpoints/ncm.simi_playlist.md,AUTH_USER 缺失（B-002，写操作已预授权但账号未到位）
ncm.simi_song,simi_song,simi_song,/api/v1/discovery/simiSong,POST/weapi,"repo-module,pkg-module,types,docs:/simi/song",fb69376cdc70a47389af70c7b57d81cebfeb608453382f1e7a51d6dfb749ed95,pkg,true,true,false,相似歌曲,simi,high,P1,read,none,offset,pageToken,"songId,artistId,playlistId,userId",,,,weapi,false,false,false,false,true,"id,limit,offset","[object Object],[object Object]",10,4,partial,endpoints/ncm.simi_song.md,AUTH_USER 缺失（B-002，写操作已预授权但账号未到位）
ncm.simi_user,simi_user,simi_user,/api/discovery/simiUser,POST/weapi,"repo-module,pkg-module,types,docs:/simi/user",bf2496d62a7d8482b5bc5f49b69c938fd711325dfffbc3414a8b4f418c2623ce,pkg,true,true,false,相似用户,simi,medium,P1,read,none,offset,pageToken,"songId,artistId,playlistId,userId",,,,weapi,false,false,false,false,true,"id,limit,offset","[object Object],[object Object]",10,4,partial,endpoints/ncm.simi_user.md,未登录层 301 系统错误（接口需会话）；AUTH_ANON（游客 cookie）可满足（200）；AUTH_USER 层待补
ncm.song_chorus,song_chorus,song_chorus,/api/song/chorus,POST,"repo-module,pkg-module,types,docs:/song/chorus",b64973dcd8b76ec886ed7c553aa3239576a1d68dabbe9318a14050d60ba5612c,pkg,true,true,false,副歌时间,song,medium,P1,read,none,none,songId,songId,,,,,false,false,false,false,true,id,,8,4,partial,endpoints/ncm.song_chorus.md,AUTH_USER 缺失（B-002，写操作已预授权但账号未到位）
ncm.song_cloud_download,song_cloud_download,song_cloud_download,/api/cloud/dowonload,POST/eapi,"repo-module,pkg-module,types-missing,docs:/song/cloud/download",04a4ea5e88c23f8196b9eae48ea68eb3f0f2dc5555be8aed5dc6b1c052a9117f,pkg,true,true,false,从云盘获取歌曲下载链接,song,medium,P1,reversible_write,user_or_vip,none,songId,songId,,,,eapi,false,false,false,false,true,id,,54,0,blocked_by_prerequisite,endpoints/ncm.song_cloud_download.md,AUTH_USER 账号缺失（B-002）；写操作/私有域已预授权但账号未到位
ncm.song_copyright_rcmd,song_copyright_rcmd,song_copyright_rcmd,/api/song/copyright/rcmd,POST/eapi,"repo-module,pkg-module,types,docs:/song/copyright/rcmd",f1beafc26a8ac3da681286c0fbc7d4af3de5000267636e4abac7216446666b62,pkg,true,true,false,灰色歌曲的其他版本推荐,song,medium,P1,read,none,none,songId,songId,,,,eapi,false,false,false,false,true,"songid,id",,8,4,partial,endpoints/ncm.song_copyright_rcmd.md,AUTH_USER 缺失（B-002，写操作已预授权但账号未到位）
ncm.song_creators,song_creators,song_creators,/api/song/creators,POST,"repo-module,pkg-module,types,docs:/song/creators",cd6c8fc3963833c287670cb9dbb7b8ef1ba3ca7611e955bc29b66f1788212496,pkg,true,true,false,歌曲创作者信息,song,rare,P1,read,none,none,songId,songId,,,,,false,false,false,false,true,id,,8,4,partial,endpoints/ncm.song_creators.md,AUTH_USER 缺失（B-002，写操作已预授权但账号未到位）
ncm.song_detail,song_detail,song_detail,/api/v3/song/detail,POST/weapi,"repo-module,pkg-module,types-missing,docs:/song/detail",a85e79d888667b645301597a8c755fc468d62be0506fa94ca98e551bf4ee58a9,pkg,true,true,false,歌曲详情,song,high,P1,read,none,none,songId,songId,,,,weapi,false,false,false,false,true,ids,,6,9,partial,endpoints/ncm.song_detail.md,AUTH_USER 缺失（B-002，写操作已预授权但账号未到位）
ncm.song_downlist,song_downlist,song_downlist,/api/member/song/downlist,POST,"repo-module,pkg-module,types,docs:/song/downlist",b6a70b41f7ef33f5ba2b09053ca5d31e5a9c5338d03f1c686354df0a1bdc469b,pkg,true,true,false,会员下载歌曲记录,song,medium,P1,read,user,offset,pageToken,songId,,,,,false,false,false,false,true,"limit,offset","[object Object],[object Object]",8,0,blocked_by_prerequisite,endpoints/ncm.song_downlist.md,AUTH_USER 账号缺失（B-002）；写操作/私有域已预授权但账号未到位
ncm.song_download_url,song_download_url,song_download_url,/api/song/enhance/download/url,POST,"repo-module,pkg-module,types,docs:/song/download/url",0c9fb7824573bdc91a24c2be31aee8b21e81ec98801177629836a4508d087810,pkg,true,true,false,获取客户端歌曲下载链接,song,high,P1,reversible_write,user_or_vip,none,songId,songId,,,,,false,false,false,false,true,"id,br",,54,4,partial,endpoints/ncm.song_download_url.md,AUTH_USER 缺失（B-002，写操作已预授权但账号未到位）
ncm.song_download_url_v1,song_download_url_v1,song_download_url_v1,/api/song/enhance/download/url/v1,POST,"repo-module,pkg-module,types,docs:/song/download/url/v1",df90f15ae9449110868aec536cdfd3fd030ac514a261fab3e76f921e8f594795,pkg,true,true,false,获取客户端歌曲下载链接 - v1,song,medium,P1,reversible_write,user_or_vip,none,songId,songId,,,,,false,false,false,false,true,"id,level",,54,4,partial,endpoints/ncm.song_download_url_v1.md,AUTH_USER 缺失（B-002，写操作已预授权但账号未到位）
ncm.song_dynamic_cover,song_dynamic_cover,song_dynamic_cover,/api/songplay/dynamic-cover,POST,"repo-module,pkg-module,types,docs:/song/dynamic/cover",820ea3db6964c99691a2f1b16730b95ce00659f5b6c52ba862b58d87801567d3,pkg,true,true,false,歌曲动态封面,song,rare,P1,read,none,none,songId,songId,,,,,false,false,false,false,true,id,,8,4,partial,endpoints/ncm.song_dynamic_cover.md,未登录层 301 系统错误（接口需会话）；AUTH_ANON（游客 cookie）可满足（200）；AUTH_USER 层待补
ncm.song_like,song_like,song_like,/api/song/like,POST,"repo-module,pkg-module,types,docs:/song/like",cb281f840d3d95e402c0844cc8fe54a5ecade2267452165ec87921c47c3de55f,pkg,true,true,false,喜欢歌曲,song,high,P1,reversible_write,user,none,"songId,userId",songId,,,,,false,false,false,false,true,"like,id,uid",,4,0,blocked_by_prerequisite,endpoints/ncm.song_like.md,AUTH_USER 账号缺失（B-002）；写操作/私有域已预授权但账号未到位
ncm.song_like_check,song_like_check,song_like_check,/api/song/like/check,POST,"repo-module,pkg-module,types,docs:/song/like/check",bf43aab6c8845310013d28f53b81fef7ca0a843ee17d429b400663d25b6c128e,pkg,true,true,false,歌曲是否喜爱,song,high,P1,reversible_write,user,none,songId,songId,,,,,false,false,false,false,true,ids,,4,0,blocked_by_prerequisite,endpoints/ncm.song_like_check.md,AUTH_USER 账号缺失（B-002）；写操作/私有域已预授权但账号未到位
ncm.song_lyrics_mark,song_lyrics_mark,song_lyrics_mark,/api/song/play/lyrics/mark/song,POST,"repo-module,pkg-module,types,docs:/song/lyrics/mark",a64ccaa9dae08aef053f202233b089e73c102d66255a32c2f91aaa106fc808ce,pkg,true,true,false,歌词摘录 - 歌词摘录信息,song,rare,P1,read,user,none,songId,songId,,,,,false,false,false,false,true,id,,8,0,blocked_by_prerequisite,endpoints/ncm.song_lyrics_mark.md,AUTH_USER 账号缺失（B-002）；写操作/私有域已预授权但账号未到位
ncm.song_lyrics_mark_add,song_lyrics_mark_add,song_lyrics_mark_add,/api/song/play/lyrics/mark/add,POST,"repo-module,pkg-module,types,docs:/song/lyrics/mark/add",e51c60baf7f314aa298fe954740420f3ea019f129f956fa284e5cfad74720f68,pkg,true,true,false,歌词摘录 - 添加/修改摘录歌词,song,rare,P1,reversible_write,user,none,songId,songId,,,,,false,false,false,false,true,"id,markId,data","[object Object],[object Object]",4,0,blocked_by_prerequisite,endpoints/ncm.song_lyrics_mark_add.md,AUTH_USER 账号缺失（B-002）；写操作/私有域已预授权但账号未到位
ncm.song_lyrics_mark_del,song_lyrics_mark_del,song_lyrics_mark_del,/api/song/play/lyrics/mark/del,POST,"repo-module,pkg-module,types,docs:/song/lyrics/mark/del",170cc7b4091fd664b7cb5bb20244218595b6518cce6d84920e994c9150fbc85c,pkg,true,true,false,歌词摘录 - 删除摘录歌词,song,rare,P1,reversible_write,user,none,songId,songId,,,,,false,false,false,false,true,id,,4,0,blocked_by_prerequisite,endpoints/ncm.song_lyrics_mark_del.md,AUTH_USER 账号缺失（B-002）；写操作/私有域已预授权但账号未到位
ncm.song_lyrics_mark_user_page,song_lyrics_mark_user_page,song_lyrics_mark_user_page,/api/song/play/lyrics/mark/user/page,POST,"repo-module,pkg-module,types,docs:/song/lyrics/mark/user/page",5105dce079c47932f17cc46937cb4c07a1760b33733468cd363402e6eb1faa98,pkg,true,true,false,歌词摘录 - 我的歌词本,song,rare,P1,read,user,offset,pageToken,songId,,,,,false,false,false,false,true,"limit,offset","[object Object],[object Object]",8,0,blocked_by_prerequisite,endpoints/ncm.song_lyrics_mark_user_page.md,AUTH_USER 账号缺失（B-002）；写操作/私有域已预授权但账号未到位
ncm.song_monthdownlist,song_monthdownlist,song_monthdownlist,/api/member/song/monthdownlist,POST,"repo-module,pkg-module,types,docs:/song/monthdownlist",88ca0c1cc73a1de365810c343b12fa7b52784567f7ed2acdc72a81624e5fcac0,pkg,true,true,false,会员本月下载歌曲记录,song,medium,P1,read,user,offset,pageToken,songId,,,,,false,false,false,false,true,"limit,offset","[object Object],[object Object]",8,0,blocked_by_prerequisite,endpoints/ncm.song_monthdownlist.md,AUTH_USER 账号缺失（B-002）；写操作/私有域已预授权但账号未到位
ncm.song_music_detail,song_music_detail,song_music_detail,/api/song/music/detail/get,POST,"repo-module,pkg-module,types,docs:/song/music/detail",1198571f77aaeba37ffa9f1bb932f2cd519dd418fa336c090cd065800855dc82,pkg,true,true,false,歌曲音质详情,song,medium,P1,read,none,none,songId,songId,,,,,false,false,false,false,true,id,,6,4,partial,endpoints/ncm.song_music_detail.md,AUTH_USER 缺失（B-002，写操作已预授权但账号未到位）
ncm.song_order_update,song_order_update,song_order_update,/api/playlist/manipulate/tracks,POST,"repo-module,pkg-module,types,docs:/song/order/update",f93f7892289b65507d86b369a6cd63fb0a00db84060a95902798664862ea778b,pkg,true,true,false,更新歌曲顺序,song,medium,P1,reversible_write,user,none,"songId,playlistId",songId,,,,,false,false,false,false,true,"pid,ids",,4,0,blocked_by_prerequisite,endpoints/ncm.song_order_update.md,AUTH_USER 账号缺失（B-002）；写操作/私有域已预授权但账号未到位
ncm.song_purchased,song_purchased,song_purchased,/api/single/mybought/song/list,POST/weapi,"repo-module,pkg-module,types,docs:/song/purchased",d8f3076ada92e0596737aacea1fff40bae033ac58821ca26fa8547b4cc9af7e8,pkg,true,true,false,已购单曲,song,high,P1,read,user,offset,pageToken,songId,,,,weapi,false,false,false,false,true,"limit,offset","[object Object],[object Object]",8,0,blocked_by_prerequisite,endpoints/ncm.song_purchased.md,AUTH_USER 账号缺失（B-002）；写操作/私有域已预授权但账号未到位
ncm.song_red_count,song_red_count,song_red_count,/api/song/red/count,POST,"repo-module,pkg-module,types,docs:/song/red/count",73603929fb3dc0f89d3cc3a2e7134e2a3490eed71fd622966959673559478819,pkg,true,true,false,歌曲红心数量,song,rare,P1,read,none,none,songId,songId,,,,,false,false,false,false,true,id,,8,4,partial,endpoints/ncm.song_red_count.md,AUTH_USER 缺失（B-002，写操作已预授权但账号未到位）
ncm.song_singledownlist,song_singledownlist,song_singledownlist,/api/member/song/singledownlist,POST,"repo-module,pkg-module,types,docs:/song/singledownlist",d0843059643947efb67f6d04f3638f5184403045c4f2c3bc6edd417c777ab099,pkg,true,true,false,已购买单曲,song,medium,P1,read,user,offset,pageToken,songId,,,,,false,false,false,false,true,"limit,offset","[object Object],[object Object]",8,0,blocked_by_prerequisite,endpoints/ncm.song_singledownlist.md,AUTH_USER 账号缺失（B-002）；写操作/私有域已预授权但账号未到位
ncm.song_url,song_url,song_url,/api/song/enhance/player/url,POST,"repo-module,pkg-module,types,docs:/song/url",2fe652fccf3d69c1faec41ea8b0a68377eacaa2bfff33f97d77264f2a1c25269,pkg,true,true,false,歌曲链接,song,high,P1,read,user_or_vip,none,songId,songId,,,,,false,false,false,false,true,"id,br",,54,5,partial,endpoints/ncm.song_url.md,AUTH_USER 缺失（B-002，写操作已预授权但账号未到位）
ncm.song_url_match,song_url_match,song_url_match,direct-call,direct-call,"repo-module,pkg-module,types,docs:/song/url/match",faf08b20732c1e5eb8208917e40e4355c284db14553fc9b8e19d9b434f0874e4,pkg,true,true,false,网易云歌曲解灰(适配SPlayer的UNM-Server),song,medium,P1,reversible_write,user_or_vip,none,songId,songId,,,,,false,false,false,true,true,"id,source",,54,0,blocked_by_prerequisite,endpoints/ncm.song_url_match.md,AUTH_USER 账号缺失（B-002）；写操作/私有域已预授权但账号未到位
ncm.song_url_ncmget,song_url_ncmget,song_url_ncmget,direct-call,direct-call,"repo-module,pkg-module,types,docs-missing",b11777180b30acf2d926023cd4f62be788cebfc0f006ed2a32f7a38b3a81b21d,pkg,true,true,false,夹带私货的东西就不要放在这里了,song,rare,P1,read,user_or_vip,none,,songId,,,,,false,false,false,true,true,,,54,3,partial,endpoints/ncm.song_url_ncmget.md,AUTH_USER 缺失（B-002，写操作已预授权但账号未到位）
ncm.song_url_v1,song_url_v1,song_url_v1,/api/song/enhance/player/url/v1,POST/xeapi,"repo-module,pkg-module,types,docs:/song/url/v1",5034e5c32c6710805c1dfadd9c00481fbb83d148f69955759c9621cfd1397b60,pkg,true,true,false,歌曲链接 - v1,song,high,P1,read,user_or_vip,none,songId,songId,,,,xeapi,false,true,false,false,true,"id,level,unblock,source,immerseType",,54,34,partial,endpoints/ncm.song_url_v1.md,AUTH_USER 缺失（B-002，写操作已预授权但账号未到位）
ncm.song_url_v1_302,song_url_v1_302,song_url_v1_302,/api/song/enhance/download/url/v1,POST,"repo-module,pkg-module,types,docs:/song/url/v1/302",654e747d58e9a27f465db6673b45ae6c127be427614e792e2353a946efdebfd0,pkg,true,true,false,获取客户端歌曲下载链接 - v1,song,medium,P1,read,user_or_vip,none,songId,songId,,,,,false,false,false,false,true,"id,level",,54,2,partial,endpoints/ncm.song_url_v1_302.md,AUTH_USER 缺失（B-002，写操作已预授权但账号未到位）
ncm.song_wiki_summary,song_wiki_summary,song_wiki_summary,/api/song/play/about/block/page,POST,"repo-module,pkg-module,types,docs:/song/wiki/summary",bfecfcd2527b94137a39493c25e38d5c6e5bf215c067c1fc96e739a7fed104b0,pkg,true,true,false,音乐百科基础信息,song,rare,P1,read,none,none,songId,songId,,,,,false,false,false,false,true,id,,8,4,partial,endpoints/ncm.song_wiki_summary.md,AUTH_USER 缺失（B-002，写操作已预授权但账号未到位）
ncm.starpick_comments_summary,starpick_comments_summary,starpick_comments_summary,/api/homepage/block/page,POST,"repo-module,pkg-module,types,docs:/starpick/comments/summary",ea1bc5b68860507ad8ba6ac6adc89ae568dd8b38a742dc13dba8475d65fb6ae6,pkg,true,true,false,云村星评馆 - 简要评论列表,starpick,rare,P2,read,none,none,,,,,,,false,false,false,false,true,,,5,4,partial,endpoints/ncm.starpick_comments_summary.md,AUTH_USER 账号缺失（B-002）；写操作/私有域已预授权但账号未到位
ncm.style_album,style_album,style_album,/api/style-tag/home/album,POST/weapi,"repo-module,pkg-module,types,docs:/style/album",3c2aa47989f035dd89b7adb848b9408e32b59677c02b06459d70813763b42f3b,pkg,true,true,false,曲风-专辑,style,high,P1,read,none,cursor,pageToken,"songId,playlistId,albumId,artistId",,,,weapi,false,false,false,false,true,"cursor,size,tagId,sort","[object Object],[object Object],[object Object]",8,0,blocked_by_prerequisite,endpoints/ncm.style_album.md,缺夹具：styleId 无生产者（池为空）
ncm.style_artist,style_artist,style_artist,/api/style-tag/home/artist,POST/weapi,"repo-module,pkg-module,types,docs:/style/artist",b6862045faa467c703f3f5e91fa22838f3971a163c717ec064e090066bfee28a,pkg,true,true,false,曲风-歌手,style,high,P1,read,none,cursor,pageToken,"songId,playlistId,albumId,artistId",,,,weapi,false,false,false,false,true,"cursor,size,tagId","[object Object],[object Object]",10,0,blocked_by_prerequisite,endpoints/ncm.style_artist.md,缺夹具：styleId 无生产者（池为空）
ncm.style_detail,style_detail,style_detail,/api/style-tag/home/head,POST/weapi,"repo-module,pkg-module,types,docs:/style/detail",956b1a55f4f760f6152c1cd31498682e8d03a859d85c4d2257d1703344913fbf,pkg,true,true,false,曲风详情,style,medium,P1,read,none,none,,"songId,playlistId,albumId,artistId",,,,weapi,false,false,false,false,true,tagId,,6,0,blocked_by_prerequisite,endpoints/ncm.style_detail.md,缺夹具：styleId 无生产者（池为空）
ncm.style_list,style_list,style_list,/api/tag/list/get,POST/weapi,"repo-module,pkg-module,types,docs:/style/list",b095fd9fda5eb2f0f33fa6cbcf67c0cadf059caf903c04b1db28e12b729e2850,pkg,true,true,false,曲风列表,style,medium,P1,read,none,none,,"songId,playlistId,albumId,artistId",,,,weapi,false,false,false,false,true,,,6,4,partial,endpoints/ncm.style_list.md,AUTH_USER 缺失（B-002，写操作已预授权但账号未到位）
ncm.style_playlist,style_playlist,style_playlist,/api/style-tag/home/playlist,POST/weapi,"repo-module,pkg-module,types,docs:/style/playlist",83188e28b2067598783929042b60ec815d57916c9963689ffc262d89907dc8b0,pkg,true,true,false,曲风-歌单,style,high,P1,read,none,cursor,pageToken,"songId,playlistId,albumId,artistId",,,,weapi,false,false,false,false,true,"cursor,size,tagId","[object Object],[object Object]",10,0,blocked_by_prerequisite,endpoints/ncm.style_playlist.md,缺夹具：styleId 无生产者（池为空）
ncm.style_preference,style_preference,style_preference,/api/tag/my/preference/get,POST/weapi,"repo-module,pkg-module,types,docs:/style/preference",bd160e5ad8bd0ba8ff1b2b47bdf2e0b74c00da170142994990083fac168eb049,pkg,true,true,false,曲风偏好,style,medium,P1,read,none,none,,"songId,playlistId,albumId,artistId",,,,weapi,false,false,false,false,true,,,6,0,blocked_by_prerequisite,endpoints/ncm.style_preference.md,缺夹具：styleId 无生产者（池为空）
ncm.style_song,style_song,style_song,/api/style-tag/home/song,POST/weapi,"repo-module,pkg-module,types,docs:/style/song",a22d7fc801929b08dd0f2f08926e6fc1529806b6ea52811b6dd55f99056ab9fe,pkg,true,true,false,曲风-歌曲,style,high,P1,read,none,cursor,pageToken,"songId,playlistId,albumId,artistId",,,,weapi,false,false,false,false,true,"cursor,size,tagId,sort","[object Object],[object Object],[object Object]",10,0,blocked_by_prerequisite,endpoints/ncm.style_song.md,缺夹具：styleId 无生产者（池为空）
ncm.summary_annual,summary_annual,summary_annual,/api/activity/summary/annual/${query.year}/${key} (templated),POST,"repo-module,pkg-module,types,docs:/summary/annual",03214b3cc469a9e9c506670eb0af5fb010c3773cefbe1bdca6d92b1781a7697e,pkg,true,true,false,年度听歌报告2017-2023,summary,rare,P2,read,user,none,,,,,,,false,false,false,false,true,year,,5,0,blocked_by_prerequisite,endpoints/ncm.summary_annual.md,AUTH_USER 账号缺失（B-002）；写操作/私有域已预授权但账号未到位
ncm.thinktank_audit_resource_detail,thinktank_audit_resource_detail,thinktank_audit_resource_detail,/api/thinktank/audit/resource/detail,POST/eapi,"repo-module,pkg-module,types-missing,docs:/thinktank/audit/resource/detail",ef6c702360265a5629bffa9ee76eaa22875870576fb830d9cea0ee4af794563a,pkg,true,true,false,云小编获取任务,ugc,rare,P2,read,none,none,,,,,,eapi,false,false,false,false,true,type,[object Object],5,0,blocked_by_prerequisite,endpoints/ncm.thinktank_audit_resource_detail.md,缺夹具：thinktankId 无生产者（池为空）
ncm.thinktank_audit_resource_update,thinktank_audit_resource_update,thinktank_audit_resource_update,/api/thinktank/audit/resource/update,POST/eapi,"repo-module,pkg-module,types-missing,docs:/thinktank/audit/resource/update",978995c0af81350875cd97f00ee1568ea9dcd31d5bd3faf7955671143c8502f2,pkg,true,true,false,云小编提交任务,ugc,rare,P2,reversible_write,user,none,,,,,,eapi,false,false,false,false,true,"taskId,judgement,type",[object Object],4,0,blocked_by_prerequisite,endpoints/ncm.thinktank_audit_resource_update.md,AUTH_USER 账号缺失（B-002）；写操作/私有域已预授权但账号未到位
ncm.threshold_detail_get,threshold_detail_get,threshold_detail_get,/api/influencer/web/apply/threshold/detail/get,POST,"repo-module,pkg-module,types,docs-missing",c0d21c34d674718eaa7c4bea7a3aa2ef699149b8911bf0dd948bea9a66220dfe,pkg,true,true,false,获取达人达标信息,other,rare,P5,read,none,none,,,,,,,false,false,false,false,true,,,5,4,partial,endpoints/ncm.threshold_detail_get.md,AUTH_USER 账号缺失（B-002）；写操作/私有域已预授权但账号未到位
ncm.top_album,top_album,top_album,/api/discovery/new/albums/area,POST/weapi,"repo-module,pkg-module,types,docs:/top/album",19d39b7fd0f561513e6e181b1dd66a2e7ba3684456d9854cb165d3b51d90b7ff,pkg,true,true,false,新碟上架,toplist,high,P1,read,none,offset,pageToken,songId,,,,weapi,false,false,false,false,true,"area,limit,offset,type,year,month","[object Object],[object Object],[object Object],[object Object]",8,4,partial,endpoints/ncm.top_album.md,AUTH_USER 缺失（B-002，写操作已预授权但账号未到位）
ncm.top_artists,top_artists,top_artists,/api/artist/top,POST/weapi,"repo-module,pkg-module,types,docs:/top/artists",579c59d228ff097a96e800e6ca7e2267df5a998718d57da684127a9d1f9032d5,pkg,true,true,false,热门歌手,toplist,high,P1,read,none,offset,pageToken,songId,,,,weapi,false,false,false,false,true,"limit,offset","[object Object],[object Object]",10,4,partial,endpoints/ncm.top_artists.md,AUTH_USER 缺失（B-002，写操作已预授权但账号未到位）
ncm.top_list,top_list,top_list,/api/playlist/v4/detail,POST,"repo-module,pkg-module,types,docs:/top/list",e605ccca326f8b5363855eb25f0a099088dc632e9070bfa6d1557937c73b5c51,pkg,true,true,false,排行榜,toplist,high,P0,read,none,none,,songId,,,,,false,false,false,false,true,"idx,id",,6,6,partial,endpoints/ncm.top_list.md,AUTH_USER 登录层缺失（账号待申请，见 B-002）；三态对比未完成
ncm.top_mv,top_mv,top_mv,/api/mv/toplist,POST/weapi,"repo-module,pkg-module,types,docs:/top/mv",06a6565374ea45648d4ac88ba88e02ad6dc3fe12fd649c4ef0ca1df5b4c77bd3,pkg,true,true,false,MV排行榜,toplist,high,P1,read,none,offset,pageToken,songId,,,,weapi,false,false,false,false,true,"area,limit,offset","[object Object],[object Object],[object Object]",10,4,partial,endpoints/ncm.top_mv.md,AUTH_USER 缺失（B-002，写操作已预授权但账号未到位）
ncm.top_playlist,top_playlist,top_playlist,/api/playlist/list,POST/weapi,"repo-module,pkg-module,types,docs:/top/playlist",f392b386e39df3b4bdaf385b98a149e1385ebbdf640222a76d959e3321bd3b77,pkg,true,true,false,分类歌单,toplist,high,P0,read,none,offset,pageToken,songId,,,,weapi,false,false,false,false,true,"cat,order,limit,offset","[object Object],[object Object],[object Object],[object Object]",10,6,partial,endpoints/ncm.top_playlist.md,AUTH_USER 登录层缺失（账号待申请，见 B-002）；三态对比未完成
ncm.top_playlist_highquality,top_playlist_highquality,top_playlist_highquality,/api/playlist/highquality/list,POST/weapi,"repo-module,pkg-module,types,docs:/top/playlist/highquality",d14e8c89639fec111c3f155a3051ac421128cc6714a4cdd2ccbbb1d11390777a,pkg,true,true,false,精品歌单,toplist,high,P0,read,none,cursor,pageToken,songId,,,,weapi,false,false,false,false,true,"cat,limit,before","[object Object],[object Object],[object Object]",10,4,partial,endpoints/ncm.top_playlist_highquality.md,AUTH_USER 登录层缺失（账号待申请，见 B-002）；三态对比未完成
ncm.top_song,top_song,top_song,/api/v1/discovery/new/songs,POST/weapi,"repo-module,pkg-module,types,docs:/top/song",68a8ec70d8f492243349a968d72546bd55c90219b1b1548b94dcc77aa6eae000,pkg,true,true,false,新歌速递,toplist,high,P0,read,none,offset,pageToken,songId,,,,weapi,false,false,false,false,true,"type,limit,offset","[object Object],[object Object],[object Object]",10,5,partial,endpoints/ncm.top_song.md,AUTH_USER 登录层缺失（账号待申请，见 B-002）；三态对比未完成
ncm.topic_detail,topic_detail,topic_detail,/api/act/detail,POST/weapi,"repo-module,pkg-module,types,docs:/topic/detail",7333bf60bf374bf15bc3f93368e6fde68d23ab63710b45af127c1591e4c202cb,pkg,true,true,false,,social,medium,P2,read,user,none,,topicId,,,,weapi,false,false,false,false,true,actid,,6,0,blocked_by_prerequisite,endpoints/ncm.topic_detail.md,缺夹具：topicId 无生产者（池为空）
ncm.topic_detail_event_hot,topic_detail_event_hot,topic_detail_event_hot,/api/act/event/hot,POST/weapi,"repo-module,pkg-module,types,docs:/topic/detail/event/hot",506f8de930b030c9b3857dc02a8793c68bca0f626ca1405a70af6bf2ff5561a8,pkg,true,true,false,,social,medium,P2,read,user,none,,topicId,,,,weapi,false,false,false,false,true,actid,,6,0,blocked_by_prerequisite,endpoints/ncm.topic_detail_event_hot.md,缺夹具：topicId 无生产者（池为空）
ncm.topic_sublist,topic_sublist,topic_sublist,/api/topic/sublist,POST/weapi,"repo-module,pkg-module,types,docs:/topic/sublist",84194cdb13eccef1acfad217e3a02ff6e724de56ca401259b842abf4ca1b3085,pkg,true,true,false,收藏的专栏,social,medium,P2,reversible_write,user,offset,pageToken,topicId,,,,weapi,false,false,false,false,true,"limit,offset","[object Object],[object Object]",4,0,blocked_by_prerequisite,endpoints/ncm.topic_sublist.md,AUTH_USER 账号缺失（B-002）；写操作/私有域已预授权但账号未到位
ncm.toplist,toplist,toplist,/api/toplist,POST,"repo-module,pkg-module,types,docs:/toplist",c50b3bef037484d253b0402ab321b3b483d16e4ca70e58130e22524bb04f3043,pkg,true,true,false,所有榜单介绍,toplist,high,P0,read,none,none,,songId,,,,,false,false,false,false,true,,,6,4,partial,endpoints/ncm.toplist.md,AUTH_USER 登录层缺失（账号待申请，见 B-002）；三态对比未完成
ncm.toplist_artist,toplist_artist,toplist_artist,/api/toplist/artist,POST/weapi,"repo-module,pkg-module,types,docs:/toplist/artist",40ab02d46810d269306253d96f379cb7012c720345ca33046bd77a304c20c2b4,pkg,true,true,false,歌手榜,toplist,medium,P0,read,none,none,,songId,,,,weapi,false,false,false,false,true,type,[object Object],6,4,partial,endpoints/ncm.toplist_artist.md,AUTH_USER 账号缺失（B-002）；写操作/私有域已预授权但账号未到位
ncm.toplist_detail,toplist_detail,toplist_detail,/api/toplist/detail,POST/weapi,"repo-module,pkg-module,types,docs:/toplist/detail",cdaa86559a1572d73b7fb886016a8d0274a2fb8e018dd7ac3e96086a7ace56a4,pkg,true,true,false,所有榜单内容摘要,toplist,medium,P0,read,none,none,,songId,,,,weapi,false,false,false,false,true,,,6,4,partial,endpoints/ncm.toplist_detail.md,AUTH_USER 账号缺失（B-002）；写操作/私有域已预授权但账号未到位
ncm.toplist_detail_v2,toplist_detail_v2,toplist_detail_v2,/api/toplist/detail/v2,POST/weapi,"repo-module,pkg-module,types,docs-missing",9f209b3af7e8e1668c245798de3875081f540b005ba46f562c756cdad295cbce,pkg,true,true,false,所有榜单内容摘要v2,toplist,medium,P0,read,none,none,,songId,,,,weapi,false,false,false,false,true,,,6,4,partial,endpoints/ncm.toplist_detail_v2.md,AUTH_USER 账号缺失（B-002）；写操作/私有域已预授权但账号未到位
ncm.ugc_album_get,ugc_album_get,ugc_album_get,/api/rep/ugc/album/get,POST,"repo-module,pkg-module,types,docs:/ugc/album/get",eca2f38eacbc4cc9647a3cc763ce4d5c76918aabe7401c6fbaf3242cb292d4cb,pkg,true,true,false,专辑简要百科信息,ugc,rare,P2,read,none,none,,,,,,,false,false,false,false,true,id,,5,0,blocked_by_prerequisite,endpoints/ncm.ugc_album_get.md,AUTH_USER 账号缺失（B-002）；写操作/私有域已预授权但账号未到位
ncm.ugc_artist_get,ugc_artist_get,ugc_artist_get,/api/rep/ugc/artist/get,POST,"repo-module,pkg-module,types,docs:/ugc/artist/get",862ecd5a2258c16aeb504d859920125223695b6bc1c6432b70c712837c6b2057,pkg,true,true,false,歌手简要百科信息,ugc,rare,P2,read,none,none,,,,,,,false,false,false,false,true,id,,5,0,blocked_by_prerequisite,endpoints/ncm.ugc_artist_get.md,AUTH_USER 账号缺失（B-002）；写操作/私有域已预授权但账号未到位
ncm.ugc_artist_search,ugc_artist_search,ugc_artist_search,/api/rep/ugc/artist/search,POST,"repo-module,pkg-module,types,docs:/ugc/artist/search",e7d7c009c4218c4ba864d2965ec4945f6bc36026c128e09c5f04917d842aa55a,pkg,true,true,false,搜索歌手,ugc,rare,P2,read,none,offset,pageToken,,,,,,false,false,false,false,true,"keyword,limit",[object Object],10,0,blocked_by_prerequisite,endpoints/ncm.ugc_artist_search.md,AUTH_USER 账号缺失（B-002）；写操作/私有域已预授权但账号未到位
ncm.ugc_detail,ugc_detail,ugc_detail,/api/rep/ugc/detail,POST/weapi,"repo-module,pkg-module,types,docs:/ugc/detail",ae11103c569845120c11012ef0e5fed63065ed339312cf5b29168c67e6100ff4,pkg,true,true,false,用户贡献内容,ugc,rare,P2,read,none,offset,pageToken,,,,,weapi,false,false,false,false,true,"auditStatus,limit,offset,order,sortBy,type","[object Object],[object Object],[object Object],[object Object],[object Object],[object Object]",10,0,blocked_by_prerequisite,endpoints/ncm.ugc_detail.md,AUTH_USER 账号缺失（B-002）；写操作/私有域已预授权但账号未到位
ncm.ugc_mv_get,ugc_mv_get,ugc_mv_get,/api/rep/ugc/mv/get,POST,"repo-module,pkg-module,types,docs:/ugc/mv/get",5d85b6de226fc553c1767178d3aade7abf664b2f9f755e77fb8e21618605538e,pkg,true,true,false,mv简要百科信息,ugc,rare,P2,read,none,none,,,,,,,false,false,false,false,true,id,,5,0,blocked_by_prerequisite,endpoints/ncm.ugc_mv_get.md,AUTH_USER 账号缺失（B-002）；写操作/私有域已预授权但账号未到位
ncm.ugc_song_get,ugc_song_get,ugc_song_get,/api/rep/ugc/song/get,POST,"repo-module,pkg-module,types,docs:/ugc/song/get",7bf3dd845cf8510e0a8da80cf166004e5a165704c3e4eb08b132af860f226a5a,pkg,true,true,false,歌曲简要百科信息,ugc,rare,P2,read,none,none,,,,,,,false,false,false,false,true,id,,5,0,blocked_by_prerequisite,endpoints/ncm.ugc_song_get.md,AUTH_USER 账号缺失（B-002）；写操作/私有域已预授权但账号未到位
ncm.ugc_user_devote,ugc_user_devote,ugc_user_devote,/api/rep/ugc/user/devote,POST,"repo-module,pkg-module,types,docs:/ugc/user/devote",d8a5bf071d2261f3fef4546f2cad80b54c960b14647cd35dc0bbb25baf962cb8,pkg,true,true,false,用户贡献条目、积分、云贝数量,ugc,rare,P2,reversible_write,user,none,,,,,,,false,false,false,false,true,,,4,0,blocked_by_prerequisite,endpoints/ncm.ugc_user_devote.md,AUTH_USER 账号缺失（B-002）；写操作/私有域已预授权但账号未到位
ncm.user_account,user_account,user_account,/api/nuser/account/get,POST/weapi,"repo-module,pkg-module,types,docs:/user/account",2fa3cb37934066edcdc5b528f0a346dbf446a03f6af74ef8e1ce280124ddb388,pkg,true,true,false,,user,high,P0,read,user,none,,"userId,uid",,,,weapi,false,false,false,false,true,,,6,5,partial,endpoints/ncm.user_account.md,AUTH_USER 缺失；uid 生产路径阻塞
ncm.user_audio,user_audio,user_audio,/api/djradio/get/byuser,POST/weapi,"repo-module,pkg-module,types,docs:/user/audio",ead0b6c98e6dbe1ae9660a5fcf2e0aa9c03970a1cf03dff3b88fbe1b949312ec,pkg,true,true,false,用户创建的电台,user,medium,P2,reversible_write,user,none,userId,"userId,uid",,,,weapi,false,false,false,false,true,uid,,4,0,blocked_by_prerequisite,endpoints/ncm.user_audio.md,AUTH_USER 账号缺失（B-002）；写操作/私有域已预授权但账号未到位
ncm.user_binding,user_binding,user_binding,/api/v1/user/bindings/${query.uid} (templated),POST/weapi,"repo-module,pkg-module,types,docs:/user/binding",558df82b12c70a2e1285f40313aff4bff6fced7eba13dfdee0aa917f9f945cf7,pkg,true,true,false,,auth,high,P5,read,user,none,userId,"userId,uid",,,,weapi,false,false,false,false,true,uid,,6,0,blocked_by_prerequisite,endpoints/ncm.user_binding.md,AUTH_USER 账号缺失（B-002）；写操作/私有域已预授权但账号未到位
ncm.user_bindingcellphone,user_bindingcellphone,user_bindingcellphone,/api/user/bindingCellphone,POST/weapi,"repo-module,pkg-module,types,docs-missing",b862f071bbfd838179fcd92505b8fd0486f904682ab4af2951171b47f00b3496,pkg,true,true,false,,auth,medium,P5,reversible_write,user,none,,"userId,uid",,,,weapi,false,false,false,false,true,"phone,countrycode,captcha,password",[object Object],4,0,blocked_by_prerequisite,endpoints/ncm.user_bindingcellphone.md,AUTH_USER 账号缺失（B-002）；写操作/私有域已预授权但账号未到位
ncm.user_cloud,user_cloud,user_cloud,/api/v1/cloud/get,POST/weapi,"repo-module,pkg-module,types,docs:/user/cloud",079cb0f67cde59aa25b14e9f7fce74e4a27b7c3f7364d5919d7abffc05a5c292,pkg,true,true,false,云盘数据,user,high,P2,read,user,offset,pageToken,"userId,uid",,,,weapi,false,false,false,false,true,"limit,offset","[object Object],[object Object]",10,0,blocked_by_prerequisite,endpoints/ncm.user_cloud.md,AUTH_USER 账号缺失（B-002）；写操作/私有域已预授权但账号未到位
ncm.user_cloud_del,user_cloud_del,user_cloud_del,/api/cloud/del,POST/weapi,"repo-module,pkg-module,types,docs:/user/cloud/del",061455754b705db10673ff20cecd938b6f377716666c58d6e014fc61b333ada3,pkg,true,true,false,云盘歌曲删除,user,medium,P2,reversible_write,user,none,userId,"userId,uid",,,,weapi,false,false,false,false,true,id,,4,0,blocked_by_prerequisite,endpoints/ncm.user_cloud_del.md,AUTH_USER 账号缺失（B-002）；写操作/私有域已预授权但账号未到位
ncm.user_cloud_detail,user_cloud_detail,user_cloud_detail,/api/v1/cloud/get/byids,POST/weapi,"repo-module,pkg-module,types,docs:/user/cloud/detail",c3badd83ad8ce450ae7d0823eb8ca38c8b9a69d7bdfd49efe7ed31221113e3f5,pkg,true,true,false,云盘数据详情,user,high,P2,read,user,none,userId,"userId,uid",,,,weapi,false,false,false,false,true,id,,6,0,blocked_by_prerequisite,endpoints/ncm.user_cloud_detail.md,AUTH_USER 账号缺失（B-002）；写操作/私有域已预授权但账号未到位
ncm.user_comment_history,user_comment_history,user_comment_history,/api/comment/user/comment/history,POST/weapi,"repo-module,pkg-module,types,docs:/user/comment/history",1f568786ee7943e42de9a10a963e60685b93b5dea617bfa7be1c52478958bb52,pkg,true,true,false,,user,medium,P5,read,user,cursor,"userId,pageToken","userId,uid",,,,weapi,false,false,false,false,true,"limit,uid,time","[object Object],[object Object]",10,0,blocked_by_prerequisite,endpoints/ncm.user_comment_history.md,AUTH_USER 账号缺失（B-002）；写操作/私有域已预授权但账号未到位
ncm.user_detail,user_detail,user_detail,/api/v1/user/detail/${query.uid} (templated),POST/weapi,"repo-module,pkg-module,types,docs:/user/detail",6e940a341956a45d83394dbc13044dc8f7cff9ca332c63d3366baf09d15c1ef8,pkg,true,true,false,用户详情,user,high,P0,read,user,none,userId,"userId,uid",,,,weapi,false,false,false,false,true,uid,,6,1,partial,endpoints/ncm.user_detail.md,缺 uid 正样本（搜索 1002 被 -462 阻断）
ncm.user_detail_new,user_detail_new,user_detail_new,/api/w/v1/user/detail/${query.uid} (templated),POST/eapi,"repo-module,pkg-module,types,docs-missing",2d3bc4ff082cc0bbe76f2fa52f7b2edc625912f064ec4636a40f4ed8db86f58a,pkg,true,true,false,用户详情,user,medium,P0,read,user,none,userId,"userId,uid",,,,eapi,false,false,false,false,true,uid,,6,4,partial,endpoints/ncm.user_detail_new.md,AUTH_USER 账号缺失（B-002）；写操作/私有域已预授权但账号未到位
ncm.user_dj,user_dj,user_dj,/api/dj/program/${query.uid} (templated),POST/weapi,"repo-module,pkg-module,types,docs:/user/dj",11f1d055a3787072d0ea1b5b581a188a56e1cde04db81d32aedab565ce6f5e49,pkg,true,true,false,用户电台节目,user,medium,P5,read,user,offset,"userId,pageToken","userId,uid",,,,weapi,false,false,false,false,true,"limit,offset,uid","[object Object],[object Object]",10,0,blocked_by_prerequisite,endpoints/ncm.user_dj.md,AUTH_USER 账号缺失（B-002）；写操作/私有域已预授权但账号未到位
ncm.user_event,user_event,user_event,/api/event/get/${query.uid} (templated),POST,"repo-module,pkg-module,types,docs:/user/event",3a7f4070afb17d804dd4463a0787c88544f1eb4512c2a5675f47045d2ca7fc8b,pkg,true,true,true,用户动态,user,medium,P2,reversible_write,user,cursor,"userId,pageToken","userId,uid",,,,,false,false,false,false,true,"lasttime,limit,uid",[object Object],4,0,blocked_by_prerequisite,endpoints/ncm.user_event.md,AUTH_USER 账号缺失（B-002）；写操作/私有域已预授权但账号未到位
ncm.user_event_all,user_event_all,user_event_all,direct-call,direct-call,"repo-module,docs:/user/event/all,tests",7a6c95b870d9ddc0f533ac33e4bcdfea6cb040d7e97ffb3428e5d0dddb3b88c1,repo,true,false,false,获取当前登录用户可被上游枚举的全部动态,user,rare,P2,reversible_write,user,none,,"userId,uid",,,,,false,false,false,true,true,,,4,0,blocked_by_prerequisite,endpoints/ncm.user_event_all.md,AUTH_USER 账号缺失（B-002）；写操作/私有域已预授权但账号未到位
ncm.user_follow_mixed,user_follow_mixed,user_follow_mixed,/api/user/follow/users/mixed/get/v2,POST,"repo-module,pkg-module,types,docs:/user/follow/mixed",3d451601254b90ebab453fd8e4a1161a9e8d31001f3b791c6bb83656ccb54d67,pkg,true,true,false,当前账号关注的用户/歌手,user,medium,P1,read,user,cursor,pageToken,"userId,uid",,,,,false,false,false,false,true,"size,cursor,scene",,10,3,partial,endpoints/ncm.user_follow_mixed.md,AUTH_USER 缺失（B-002，写操作已预授权但账号未到位）
ncm.user_followeds,user_followeds,user_followeds,/api/user/getfolloweds/${query.uid} (templated),POST,"repo-module,pkg-module,types,docs:/user/followeds",9d8d46a4f8bafcdcb1bce0ba52e9c94d24106e21d575647687147cef7ebf81dd,pkg,true,true,false,关注TA的人(粉丝),user,high,P1,read,user,offset,"userId,pageToken","userId,uid",,,,,false,false,false,false,true,"uid,limit,offset","[object Object],[object Object]",10,4,partial,endpoints/ncm.user_followeds.md,未登录层 301 系统错误（接口需会话）；AUTH_ANON（游客 cookie）可满足（200）；AUTH_USER 层待补
ncm.user_follows,user_follows,user_follows,/api/user/getfollows/${query.uid} (templated),POST/weapi,"repo-module,pkg-module,types,docs:/user/follows",8e41baedd3c8fa774c6c4611e4231731a3dbc84ebc2bee31feff1bd422550553,pkg,true,true,false,TA关注的人(关注),user,high,P1,read,user,offset,"userId,pageToken","userId,uid",,,,weapi,false,false,false,false,true,"offset,limit,uid","[object Object],[object Object]",10,4,partial,endpoints/ncm.user_follows.md,AUTH_USER 缺失（B-002，写操作已预授权但账号未到位）
ncm.user_level,user_level,user_level,/api/user/level,POST/weapi,"repo-module,pkg-module,types,docs:/user/level",9bf79e55bdb36a53f721fbc5b6aa022e9ed6298282571bbcd2709ec217c716b7,pkg,true,true,false,类别热门电台,user,high,P1,read,user,none,,"userId,uid",,,,weapi,false,false,false,false,true,,,6,0,blocked_by_prerequisite,endpoints/ncm.user_level.md,AUTH_USER 账号缺失（B-002）；写操作/私有域已预授权但账号未到位
ncm.user_medal,user_medal,user_medal,/api/medal/user/page,POST,"repo-module,pkg-module,types,docs:/user/medal",b7a04e91104c13cf199790c30cbc261066baedc928b621e6d02c1c988e5d7313,pkg,true,true,false,用户徽章,user,medium,P5,read,user,none,userId,"userId,uid",,,,,false,false,false,false,true,uid,,6,0,blocked_by_prerequisite,endpoints/ncm.user_medal.md,AUTH_USER 账号缺失（B-002）；写操作/私有域已预授权但账号未到位
ncm.user_mutualfollow_get,user_mutualfollow_get,user_mutualfollow_get,/api/user/mutualfollow/get,POST,"repo-module,pkg-module,types,docs:/user/mutualfollow/get",56e9901d647bc18bf6d9211d8d7c0d42610aad5aac6333f77dd89a7189e77c5e,pkg,true,true,false,用户是否互相关注,user,rare,P5,read,user,none,userId,"userId,uid",,,,,false,false,false,false,true,uid,,5,0,blocked_by_prerequisite,endpoints/ncm.user_mutualfollow_get.md,AUTH_USER 账号缺失（B-002）；写操作/私有域已预授权但账号未到位
ncm.user_playlist,user_playlist,user_playlist,/api/user/playlist,POST/weapi,"repo-module,pkg-module,types,docs:/user/playlist",8f67866eb8ac7306f326511bda66e8b18583d74396ffba2d16ebf52f6166bbb3,pkg,true,true,false,用户歌单,user,high,P1,read,user,offset,"userId,pageToken","userId,uid",,,,weapi,false,false,false,false,true,"uid,limit,offset","[object Object],[object Object]",10,6,partial,endpoints/ncm.user_playlist.md,AUTH_USER 缺失（B-002，写操作已预授权但账号未到位）
ncm.user_playlist_collect,user_playlist_collect,user_playlist_collect,/api/user/playlist/collect,POST,"repo-module,pkg-module,types,docs:/user/playlist/collect",7044f969cdb8d4301441b05865c0ce1d7a94bd1f2099e07aabf2b5744c9a8691,pkg,true,true,false,获取用户的收藏歌单列表,user,medium,P1,reversible_write,user,offset,"userId,pageToken","userId,uid",,,,,false,false,false,false,true,"limit,offset,uid","[object Object],[object Object]",4,4,partial,endpoints/ncm.user_playlist_collect.md,AUTH_USER 缺失（B-002，写操作已预授权但账号未到位）
ncm.user_playlist_create,user_playlist_create,user_playlist_create,/api/user/playlist/create,POST,"repo-module,pkg-module,types,docs:/user/playlist/create",a974e41e2ced2d6b293c5bca3f933d5ca48636146fb3c08b1ed1bfa02d4f76f4,pkg,true,true,false,获取用户的创建歌单列表,user,medium,P1,reversible_write,user,offset,"userId,pageToken","userId,uid",,,,,false,false,false,false,true,"limit,offset,uid","[object Object],[object Object]",4,0,blocked_by_prerequisite,endpoints/ncm.user_playlist_create.md,AUTH_USER 账号缺失（B-002）；写操作/私有域已预授权但账号未到位
ncm.user_record,user_record,user_record,/api/v1/play/record,POST/weapi,"repo-module,pkg-module,types,docs:/user/record",bf898e2a141ce7104eecb9f1ba526dd770826437e724eb98bc88e6cad977d39c,pkg,true,true,false,听歌排行,user,high,P1,read,user,none,userId,"userId,uid",,,,weapi,false,false,false,false,true,"uid,type",[object Object],6,5,blocked_by_prerequisite,endpoints/ncm.user_record.md,code -2 无权限访问（播放记录需登录，即使公开 uid）
ncm.user_replacephone,user_replacephone,user_replacephone,/api/user/replaceCellphone,POST/weapi,"repo-module,pkg-module,types,docs:/user/replacephone",5831c8f210e80b522fdb6cb6527dcf6e333337d588c5e070b74f558c53f4650d,pkg,true,true,false,,auth,medium,P5,reversible_write,user,none,,"userId,uid",,,,weapi,false,false,false,false,true,"phone,captcha,oldcaptcha,countrycode",[object Object],4,0,blocked_by_prerequisite,endpoints/ncm.user_replacephone.md,AUTH_USER 账号缺失（B-002）；写操作/私有域已预授权但账号未到位
ncm.user_social_status,user_social_status,user_social_status,/api/social/user/status,POST,"repo-module,pkg-module,types,docs:/user/social/status",7c8c3a6d51361dbd269b1b68466cfcbbd1d56ffe21695226e1a32a91fd2b30af,pkg,true,true,false,用户状态,user,rare,P3,read,user,none,userId,"userId,uid",,,,,false,false,false,false,true,uid,,5,0,blocked_by_prerequisite,endpoints/ncm.user_social_status.md,AUTH_USER 账号缺失（B-002）；写操作/私有域已预授权但账号未到位
ncm.user_social_status_edit,user_social_status_edit,user_social_status_edit,/api/social/user/status/edit,POST,"repo-module,pkg-module,types,docs:/user/social/status/edit",966a79a6f1c573ea090685111e512eb936c1444e45122a521c9eb261ad25e780,pkg,true,true,false,用户状态 - 编辑,user,rare,P3,reversible_write,user,none,,"userId,uid",,,,,false,false,false,false,true,"type,iconUrl,content,actionUrl",,4,0,blocked_by_prerequisite,endpoints/ncm.user_social_status_edit.md,AUTH_USER 账号缺失（B-002）；写操作/私有域已预授权但账号未到位
ncm.user_social_status_rcmd,user_social_status_rcmd,user_social_status_rcmd,/api/social/user/status/rcmd,POST,"repo-module,pkg-module,types,docs:/user/social/status/rcmd",c11ecc6a53fca792f1cc2ce4e9c3b0273d4b5871a9ea629b0d741c387cedf145,pkg,true,true,false,用户状态 - 相同状态的用户,user,rare,P3,read,user,none,,"userId,uid",,,,,false,false,false,false,true,,,5,0,blocked_by_prerequisite,endpoints/ncm.user_social_status_rcmd.md,AUTH_USER 账号缺失（B-002）；写操作/私有域已预授权但账号未到位
ncm.user_social_status_support,user_social_status_support,user_social_status_support,/api/social/user/status/support,POST,"repo-module,pkg-module,types,docs:/user/social/status/support",abf7118ac6a2b0913db6dd13c695c72d01bde288cc0d5e55254b6ed4e3bfda5a,pkg,true,true,false,用户状态 - 支持设置的状态,user,rare,P3,read,user,none,,"userId,uid",,,,,false,false,false,false,true,,,5,0,blocked_by_prerequisite,endpoints/ncm.user_social_status_support.md,AUTH_USER 账号缺失（B-002）；写操作/私有域已预授权但账号未到位
ncm.user_subcount,user_subcount,user_subcount,/api/subcount,POST/weapi,"repo-module,pkg-module,types,docs:/user/subcount",641b2a812e03ffd249035f679117ddbe37a13b3364a804eb34cdd754ea45f888,pkg,true,true,false,收藏计数,user,high,P1,read,user,none,,"userId,uid",,,,weapi,false,false,false,false,true,,,6,0,blocked_by_prerequisite,endpoints/ncm.user_subcount.md,AUTH_USER 账号缺失（B-002）；写操作/私有域已预授权但账号未到位
ncm.user_update,user_update,user_update,/api/user/profile/update,POST,"repo-module,pkg-module,types,docs:/user/update",8c5a29397d789b96514b7d7c2d6cbbffa1ffa85c87266f28137560ac80993a69,pkg,true,true,false,编辑用户信息,user,medium,P5,reversible_write,user,none,,"userId,uid",,,,,false,false,false,false,true,"birthday,city,gender,nickname,province,signature",,4,0,blocked_by_prerequisite,endpoints/ncm.user_update.md,AUTH_USER 账号缺失（B-002）；写操作/私有域已预授权但账号未到位
ncm.verify_getQr,verify_getQr,verify_getQr,/api/frontrisk/verify/getqrcode,POST/weapi,"repo-module,pkg-module,types,docs:/verify/getQr",6489b4304c0d94586dfbec42621eaa67fcc09c22d5b81c6b489c1c524c1686d1,pkg,true,true,false,,auth,rare,P0,credential,none,none,,"cookie,uid",,,,weapi,false,false,false,false,true,"vid,type,token,evid,sign",,8,0,blocked_by_prerequisite,endpoints/ncm.verify_getQr.md,网易云盾验证码流程（需真实交互）
ncm.verify_qrcodestatus,verify_qrcodestatus,verify_qrcodestatus,/api/frontrisk/verify/qrcodestatus,POST/weapi,"repo-module,pkg-module,types,docs:/verify/qrcodestatus",57af8b17e31c2c23c9963a70ed485396605f3577430a0d815a11ac812cb0bce1,pkg,true,true,false,,auth,rare,P0,credential,none,none,,"cookie,uid",,,,weapi,false,false,false,false,true,qr,,8,0,blocked_by_prerequisite,endpoints/ncm.verify_qrcodestatus.md,网易云盾验证码流程（需真实交互）
ncm.video_category_list,video_category_list,video_category_list,/api/cloudvideo/category/list,POST/weapi,"repo-module,pkg-module,types,docs:/video/category/list",4cd2fe445dee678090869fb70987ecac0d123cd18f739ca0f74656e293518057,pkg,true,true,false,视频分类列表,video,medium,P1,read,none,offset,pageToken,videoId,,,,weapi,false,false,false,false,true,"offset,limit","[object Object],[object Object]",8,4,partial,endpoints/ncm.video_category_list.md,未登录层 301 系统错误（接口需会话）；AUTH_ANON（游客 cookie）可满足（200）；AUTH_USER 层待补
ncm.video_detail,video_detail,video_detail,/api/cloudvideo/v1/video/detail,POST/weapi,"repo-module,pkg-module,types,docs:/video/detail",1e96af2ff5044033c67a9b7a9c2112b83b76530b41618361365a716e6aa34486,pkg,true,true,false,视频详情,video,high,P1,read,none,none,videoId,videoId,,,,weapi,false,false,false,false,true,id,,6,1,blocked_by_prerequisite,endpoints/ncm.video_detail.md,缺夹具：videoId/threadId/style 无生产者（search type=1002/1014 被 -462 阻断）
ncm.video_detail_info,video_detail_info,video_detail_info,/api/comment/commentthread/info,POST/weapi,"repo-module,pkg-module,types,docs:/video/detail/info",180d3e1873499f69b0f9d3086dc2d3c9175ea19ad15ada2b0c95cde50a4216d0,pkg,true,true,false,视频点赞转发评论数数据,video,medium,P1,read,none,none,,videoId,,,,weapi,false,false,false,false,true,vid,,8,1,blocked_by_prerequisite,endpoints/ncm.video_detail_info.md,缺夹具：videoId/threadId/style 无生产者（search type=1002/1014 被 -462 阻断）
ncm.video_group,video_group,video_group,/api/videotimeline/videogroup/otherclient/get,POST/weapi,"repo-module,pkg-module,types,docs:/video/group",8f05b5a4efcdf2f121a442cff381e3975ad3077742ad11c74057b86faaf1ce28,pkg,true,true,false,视频标签/分类下的视频,video,medium,P1,read,none,offset,"videoId,pageToken",videoId,,,,weapi,false,false,false,false,true,"id,offset",[object Object],8,1,blocked_by_prerequisite,endpoints/ncm.video_group.md,缺夹具：videoId/threadId/style 无生产者（search type=1002/1014 被 -462 阻断）
ncm.video_group_list,video_group_list,video_group_list,/api/cloudvideo/group/list,POST/weapi,"repo-module,pkg-module,types,docs:/video/group/list",ce197e919ddfabe948f7b8ffc8354f9254d50cb76832320529116ba78684992a,pkg,true,true,false,视频标签列表,video,medium,P1,read,none,none,,videoId,,,,weapi,false,false,false,false,true,,,8,4,partial,endpoints/ncm.video_group_list.md,AUTH_USER 缺失（B-002，写操作已预授权但账号未到位）
ncm.video_sub,video_sub,video_sub,/api/cloudvideo/video/${query.t} (templated),POST/weapi,"repo-module,pkg-module,types,docs:/video/sub",46e731ade5d20f57ae68d985733fd06fae54de992bd8607e2a50ec7453409fc1,pkg,true,true,false,收藏与取消收藏视频,video,medium,P1,reversible_write,none,none,videoId,videoId,,,,weapi,false,false,false,false,true,"t,id",,4,0,blocked_by_prerequisite,endpoints/ncm.video_sub.md,AUTH_USER 账号缺失（B-002）；写操作/私有域已预授权但账号未到位
ncm.video_timeline_all,video_timeline_all,video_timeline_all,/api/videotimeline/otherclient/get,POST/weapi,"repo-module,pkg-module,types,docs:/video/timeline/all",4b1fd5cdb2f4b379b511b25e8b16097895e47c58375dc7abc9d30c69180a78c2,pkg,true,true,false,全部视频列表,video,medium,P1,read,none,offset,pageToken,videoId,,,,weapi,false,false,false,false,true,offset,[object Object],8,4,partial,endpoints/ncm.video_timeline_all.md,未登录层 301 系统错误（接口需会话）；AUTH_ANON（游客 cookie）可满足（200）；AUTH_USER 层待补
ncm.video_timeline_recommend,video_timeline_recommend,video_timeline_recommend,/api/videotimeline/get,POST/weapi,"repo-module,pkg-module,types,docs:/video/timeline/recommend",f863dee1551550e243760695694a27f9a535a68a669dc6638d1f83f6c733747a,pkg,true,true,false,推荐视频,video,medium,P1,read,none,offset,pageToken,videoId,,,,weapi,false,false,false,false,true,offset,[object Object],8,4,partial,endpoints/ncm.video_timeline_recommend.md,未登录层 301 系统错误（接口需会话）；AUTH_ANON（游客 cookie）可满足（200）；AUTH_USER 层待补
ncm.video_url,video_url,video_url,/api/cloudvideo/playurl,POST/weapi,"repo-module,pkg-module,types,docs:/video/url",4f3b8ed8ff3e9306a3e77f3fade92401d56689ab366003b4d6d7bb1180f257c2,pkg,true,true,false,视频链接,video,high,P1,read,user_or_vip,none,videoId,videoId,,,,weapi,false,false,false,false,true,"id,res",[object Object],54,1,blocked_by_prerequisite,endpoints/ncm.video_url.md,缺夹具：videoId/threadId/style 无生产者（search type=1002/1014 被 -462 阻断）
ncm.vip_growthpoint,vip_growthpoint,vip_growthpoint,/api/vipnewcenter/app/level/growhpoint/basic,POST/weapi,"repo-module,pkg-module,types,docs:/vip/growthpoint",dfa10cccd10060a31fb7ab5102a8f2c387c94a5fda4ae5416d9031f642f72c94,pkg,true,true,false,会员成长值,vip,rare,P2,read,user,none,,,,,,weapi,false,false,false,false,true,,,5,0,blocked_by_prerequisite,endpoints/ncm.vip_growthpoint.md,AUTH_USER 账号缺失（B-002）；写操作/私有域已预授权但账号未到位
ncm.vip_growthpoint_details,vip_growthpoint_details,vip_growthpoint_details,/api/vipnewcenter/app/level/growth/details,POST/weapi,"repo-module,pkg-module,types,docs:/vip/growthpoint/details",94149eca49e2b840cb1bd4cfb9fd9b522e2eddf3c9d2e88bb6b05cbca56f981b,pkg,true,true,false,会员成长值领取记录,vip,rare,P2,read,user,offset,pageToken,,,,,weapi,false,false,false,false,true,"limit,offset","[object Object],[object Object]",10,0,blocked_by_prerequisite,endpoints/ncm.vip_growthpoint_details.md,AUTH_USER 账号缺失（B-002）；写操作/私有域已预授权但账号未到位
ncm.vip_growthpoint_get,vip_growthpoint_get,vip_growthpoint_get,/api/vipnewcenter/app/level/task/reward/get,POST/weapi,"repo-module,pkg-module,types,docs:/vip/growthpoint/get",c2f4f3415ab71528503bfd7f94bda76a2e347014eab2946a44a755cdaf6cecec,pkg,true,true,false,领取会员成长值,vip,rare,P2,read,user,none,,,,,,weapi,false,false,false,false,true,ids,,5,0,blocked_by_prerequisite,endpoints/ncm.vip_growthpoint_get.md,AUTH_USER 账号缺失（B-002）；写操作/私有域已预授权但账号未到位
ncm.vip_growthpoint_getall,vip_growthpoint_getall,vip_growthpoint_getall,/api/vipnewcenter/app/level/task/reward/getall,POST/xeapi,"repo-module,pkg-module,types,docs:/vip/growthpoint/getall",ff7cf50c5f2f8240ea4cb2e0ae0147750403f53f76d268f619f930d29f6acca6,pkg,true,true,false,一键领取所有会员成长值,vip,rare,P2,read,user,none,,,,,,xeapi,false,false,false,false,true,,,5,0,blocked_by_prerequisite,endpoints/ncm.vip_growthpoint_getall.md,AUTH_USER 账号缺失（B-002）；写操作/私有域已预授权但账号未到位
ncm.vip_info,vip_info,vip_info,/api/music-vip-membership/front/vip/info,POST/weapi,"repo-module,pkg-module,types,docs:/vip/info",6bae412ed949cada94b3ebe7f6aa29f0c71d2c52daafccf2d2fdd5492eeb9a7a,pkg,true,true,false,获取 VIP 信息,vip,high,P2,read,user,none,userId,,,,,weapi,false,false,false,false,true,uid,[object Object],6,0,blocked_by_prerequisite,endpoints/ncm.vip_info.md,AUTH_USER 账号缺失（B-002）；写操作/私有域已预授权但账号未到位
ncm.vip_info_v2,vip_info_v2,vip_info_v2,/api/music-vip-membership/client/vip/info,POST/weapi,"repo-module,pkg-module,types,docs:/vip/info/v2",e1618ae988517d5f5b57c3ad2005b0e6664a8fa22e85834fa6fc02afa4b7c867,pkg,true,true,false,获取 VIP 信息,vip,medium,P2,read,user,none,userId,,,,,weapi,false,false,false,false,true,uid,[object Object],6,0,blocked_by_prerequisite,endpoints/ncm.vip_info_v2.md,AUTH_USER 账号缺失（B-002）；写操作/私有域已预授权但账号未到位
ncm.vip_sign,vip_sign,vip_sign,/api/vip-center-bff/task/sign,POST/weapi,"repo-module,pkg-module,types,docs:/vip/sign",06bb81778c0173e09afc915d2a78410b410ae780cecdba3ac8ad618ab5f632d1,pkg,true,true,false,黑胶乐签打卡,vip,medium,P2,reversible_write,user,none,,,,,,weapi,false,false,false,false,true,,,4,0,blocked_by_prerequisite,endpoints/ncm.vip_sign.md,AUTH_USER 账号缺失（B-002）；写操作/私有域已预授权但账号未到位
ncm.vip_sign_detail,vip_sign_detail,vip_sign_detail,/api/vipnewcenter/app/level/user/checkin/history/detail,POST/eapi,"repo-module,pkg-module,types-missing,docs:/vip/sign/detail",d8eec96f3d043044899c33a7a15acbde3ac74978eaf11b8863dcd5015090cbe4,pkg,true,true,false,黑胶乐签打卡详情,vip,rare,P2,reversible_write,user,none,,,,,,eapi,false,false,false,false,true,timestamp,,4,0,blocked_by_prerequisite,endpoints/ncm.vip_sign_detail.md,AUTH_USER 账号缺失（B-002）；写操作/私有域已预授权但账号未到位
ncm.vip_sign_history,vip_sign_history,vip_sign_history,/api/vipnewcenter/app/minidesk/music/sign/pc,POST/eapi,"repo-module,pkg-module,types-missing,docs:/vip/sign/history",f12f90586dd2d6d56c2cf9c0dc1123b8333184cb60f057fb08bf42215db9399a,pkg,true,true,false,黑胶乐签打卡历史 / 状态查询,vip,rare,P2,reversible_write,user,none,,,,,,eapi,false,false,false,false,true,type,[object Object],4,0,blocked_by_prerequisite,endpoints/ncm.vip_sign_history.md,AUTH_USER 账号缺失（B-002）；写操作/私有域已预授权但账号未到位
ncm.vip_sign_info,vip_sign_info,vip_sign_info,/api/vipnewcenter/app/user/sign/info,POST/weapi,"repo-module,pkg-module,types,docs:/vip/sign/info",78a04a17b35b2c5c7eeec4da62fa9727cc5773eded535d5b76fecef0525c5a48,pkg,true,true,false,黑胶乐签未来签到信息,vip,rare,P2,reversible_write,user,none,,,,,,weapi,false,false,false,false,true,,,4,0,blocked_by_prerequisite,endpoints/ncm.vip_sign_info.md,AUTH_USER 账号缺失（B-002）；写操作/私有域已预授权但账号未到位
ncm.vip_tasks,vip_tasks,vip_tasks,/api/vipnewcenter/app/level/task/list,POST/weapi,"repo-module,pkg-module,types,docs:/vip/tasks",5eb7b6737d41834dcd8bfac90e0098425a40a8f6b1bd03ba3280d9ead025cd89,pkg,true,true,false,会员任务,vip,medium,P2,read,user,none,,,,,,weapi,false,false,false,false,true,,,6,0,blocked_by_prerequisite,endpoints/ncm.vip_tasks.md,AUTH_USER 账号缺失（B-002）；写操作/私有域已预授权但账号未到位
ncm.vip_tasks_v1,vip_tasks_v1,vip_tasks_v1,/api/middle/vip/mission/user/progress/list,POST/xeapi,"repo-module,pkg-module,types,docs-missing",fe73d42466af679e60811db64f9cd41a226b1c50c37d36f1504f9ee6cf83ef43,pkg,true,true,false,会员任务 - 新版,vip,medium,P2,read,user,none,,,,,,xeapi,false,false,false,false,true,id,,6,0,blocked_by_prerequisite,endpoints/ncm.vip_tasks_v1.md,AUTH_USER 账号缺失（B-002）；写操作/私有域已预授权但账号未到位
ncm.vip_timemachine,vip_timemachine,vip_timemachine,/api/vipmusic/newrecord/weekflow,POST/weapi,"repo-module,pkg-module,types,docs:/vip/timemachine",6b5031d4cb1591c31fc8cf572323119503f258c8fe299d4f253d21da427007d0,pkg,true,true,false,黑胶时光机,vip,medium,P2,read,user,offset,pageToken,,,,,weapi,false,false,false,false,true,"startTime,endTime,limit",,10,0,blocked_by_prerequisite,endpoints/ncm.vip_timemachine.md,AUTH_USER 账号缺失（B-002）；写操作/私有域已预授权但账号未到位
ncm.voice_delete,voice_delete,voice_delete,/api/content/voice/delete,POST,"repo-module,pkg-module,types,docs:/voice/delete",63371bbf0459e29b8fa8f8c79e4195e1a14c34af7f4ce09fe5b8b375a76892b9,pkg,true,true,false,,voice,medium,P2,reversible_write,user,none,voiceId,"voiceId,voicelistId",,,,,false,false,false,false,true,ids,,4,0,blocked_by_prerequisite,endpoints/ncm.voice_delete.md,AUTH_USER 账号缺失（B-002）；写操作/私有域已预授权但账号未到位
ncm.voice_detail,voice_detail,voice_detail,/api/voice/workbench/voice/detail,POST,"repo-module,pkg-module,types,docs:/voice/detail",6bad2d71782be741691b24657d53f0276e0ede0bb38d56908298803bf0734b95,pkg,true,true,false,,voice,medium,P2,read,none,none,voiceId,"voiceId,voicelistId",,,,,false,false,false,false,true,id,,6,0,blocked_by_prerequisite,endpoints/ncm.voice_detail.md,缺夹具：voiceId 无生产者（池为空）
ncm.voice_lyric,voice_lyric,voice_lyric,/api/voice/lyric/get,POST,"repo-module,pkg-module,types,docs:/voice/lyric",cc7c1f49cf18079c0acdfe03171582792653356117029920ba3da7e9d11a95fd,pkg,true,true,false,,voice,medium,P2,read,user,none,voiceId,"voiceId,voicelistId",,,,,false,false,false,false,true,id,,6,0,blocked_by_prerequisite,endpoints/ncm.voice_lyric.md,缺夹具：voiceId 无生产者（池为空）
ncm.voice_upload,voice_upload,voice_upload,/api/nos/token/alloc,POST/weapi,"repo-module,pkg-module,types,docs:/voice/upload,tests",dcec5457bfba29439b6adcc0b89f02e2c6da9127f41d3247dd078e6cdf7e17d9,pkg,true,true,true,,voice,medium,P2,upload,user,none,,"voiceId,voicelistId",,,,weapi,false,false,false,false,true,"songFile,songName,autoPublish,autoPublishText,description,voiceListId,coverImgId,categoryId,secondCategoryId,composedSongs,privacy,publishTime,orderNo","[object Object],[object Object],[object Object],[object Object],[object Object],[object Object]",7,0,blocked_by_prerequisite,endpoints/ncm.voice_upload.md,AUTH_USER 账号缺失（B-002）；写操作/私有域已预授权但账号未到位
ncm.voicelist_detail,voicelist_detail,voicelist_detail,/api/voice/workbench/voicelist/detail,POST,"repo-module,pkg-module,types,docs:/voicelist/detail",68447c6eee842907ccbfd8f74c7b314f18e91050524685c8ec8eb2a3525b1b64,pkg,true,true,false,,voice,medium,P2,read,none,none,voicelistId,"voiceId,voicelistId",,,,,false,false,false,false,true,id,,6,0,blocked_by_prerequisite,endpoints/ncm.voicelist_detail.md,缺夹具：voiceId 无生产者（池为空）
ncm.voicelist_list,voicelist_list,voicelist_list,/api/voice/workbench/voices/by/voicelist,POST,"repo-module,pkg-module,types,docs:/voicelist/list",cee55ff4279eb4338f23ce4ad5c014ea060e52818f23de2d95d77fb5f39dc60d,pkg,true,true,false,,voice,medium,P2,read,none,offset,pageToken,"voiceId,voicelistId",,,,,false,false,false,false,true,"limit,offset,voiceListId","[object Object],[object Object]",10,0,blocked_by_prerequisite,endpoints/ncm.voicelist_list.md,缺夹具：voiceId 无生产者（池为空）
ncm.voicelist_list_search,voicelist_list_search,voicelist_list_search,/api/voice/workbench/voice/list,POST,"repo-module,pkg-module,types,docs:/voicelist/list/search",ab446bc550e5cadec1b07e981986bb8f91302c188612bf9f40d65be819254af7,pkg,true,true,false,声音搜索,voice,medium,P2,read,none,offset,pageToken,"voiceId,voicelistId",,,,,false,false,false,false,true,"limit,offset,name,displayStatus,type,voiceFeeType,voiceListId","[object Object],[object Object]",10,0,blocked_by_prerequisite,endpoints/ncm.voicelist_list_search.md,缺夹具：voiceId 无生产者（池为空）
ncm.voicelist_my_created,voicelist_my_created,voicelist_my_created,/api/social/my/created/voicelist/v1,POST/weapi,"repo-module,pkg-module,types,docs:/voicelist/my/created",d7b34be020b947ac4fe57b9b2e3029138cb859159d8b9a7f7ec41a8098161714,pkg,true,true,false,我创建的播客声音,voice,medium,P2,read,user,offset,pageToken,"voiceId,voicelistId",,,,weapi,false,false,false,false,true,limit,[object Object],10,0,blocked_by_prerequisite,endpoints/ncm.voicelist_my_created.md,AUTH_USER 账号缺失（B-002）；写操作/私有域已预授权但账号未到位
ncm.voicelist_search,voicelist_search,voicelist_search,/api/search/voicelist/get,POST,"repo-module,pkg-module,types,docs:/voicelist/search",ccd15df7432151dfe88a309b8d85f938afdc482ae59630a425127342e200070d,pkg,true,true,false,,voice,medium,P2,read,none,offset,pageToken,"voiceId,voicelistId",,,,,false,false,false,false,true,"keyword,limit,offset","[object Object],[object Object],[object Object]",10,0,blocked_by_prerequisite,endpoints/ncm.voicelist_search.md,缺夹具：voiceId 无生产者（池为空）
ncm.voicelist_trans,voicelist_trans,voicelist_trans,/api/voice/workbench/radio/program/trans,POST,"repo-module,pkg-module,types,docs:/voicelist/trans",ab4ba3b0b8b9ae1ba9fdc81a5db77cafee1753612059faa61d79e809dcfbbd43,pkg,true,true,false,,voice,medium,P2,read,user,offset,"djId,programId,pageToken","voiceId,voicelistId",,,,,false,false,false,false,true,"limit,offset,radioId,programId,position","[object Object],[object Object],[object Object],[object Object]",10,0,blocked_by_prerequisite,endpoints/ncm.voicelist_trans.md,AUTH_USER 账号缺失（B-002）；写操作/私有域已预授权但账号未到位
ncm.weblog,weblog,weblog,/api/feedback/weblog,POST/weapi,"repo-module,pkg-module,types,docs-missing",563eda57dc87c47eb58f3bedaa67c586bcb53f462a50a9880c62a5074a384e83,pkg,true,true,false,操作记录,telemetry,medium,P2,reversible_write,user,none,,,,,,weapi,false,false,false,false,true,data,,4,0,blocked_by_prerequisite,endpoints/ncm.weblog.md,AUTH_USER 账号缺失（B-002）；写操作/私有域已预授权但账号未到位
ncm.yunbei,yunbei,yunbei,/api/point/signed/get,POST/weapi,"repo-module,pkg-module,types,docs:/yunbei",255aa81e9c3e8179159e084edfe50be763d008fb19fdefffe8cf429523873162,pkg,true,true,false,/api/point/today/get,other,medium,P5,read,none,none,,,,,,weapi,false,false,false,false,true,,,6,0,blocked_by_prerequisite,endpoints/ncm.yunbei.md,AUTH_USER 账号缺失（B-002）；写操作/私有域已预授权但账号未到位
ncm.yunbei_expense,yunbei_expense,yunbei_expense,/api/point/expense,POST,"repo-module,pkg-module,types,docs-missing",afef8b72ec899c87bbc85acd10b6bd5f9d7260ed8c582cb1736acac42b587835,pkg,true,true,false,,yunbei,rare,P2,read,user,offset,pageToken,,,,,,false,false,false,false,true,"limit,offset","[object Object],[object Object]",10,0,blocked_by_prerequisite,endpoints/ncm.yunbei_expense.md,AUTH_USER 账号缺失（B-002）；写操作/私有域已预授权但账号未到位
ncm.yunbei_info,yunbei_info,yunbei_info,/api/v1/user/info,POST/weapi,"repo-module,pkg-module,types,docs:/yunbei/info",b52f8b2add6acba6cd22da5b89abf0052868ac3e42d30ccb21c93e8d84bc38dc,pkg,true,true,false,,yunbei,medium,P2,read,user,none,,,,,,weapi,false,false,false,false,true,,,6,0,blocked_by_prerequisite,endpoints/ncm.yunbei_info.md,AUTH_USER 账号缺失（B-002）；写操作/私有域已预授权但账号未到位
ncm.yunbei_rcmd_song,yunbei_rcmd_song,yunbei_rcmd_song,/api/yunbei/rcmd/song/submit,POST/weapi,"repo-module,pkg-module,types,docs:/yunbei/rcmd/song",5fa516de2c431d70d1b8657fff2cbf92dc2101625a5a2b3f6abb77f091c5d11e,pkg,true,true,false,云贝推歌,yunbei,medium,P2,reversible_write,user,none,,,,,,weapi,false,false,false,false,true,"id,reason,yunbeiNum","[object Object],[object Object]",4,0,blocked_by_prerequisite,endpoints/ncm.yunbei_rcmd_song.md,AUTH_USER 账号缺失（B-002）；写操作/私有域已预授权但账号未到位
ncm.yunbei_rcmd_song_history,yunbei_rcmd_song_history,yunbei_rcmd_song_history,/api/yunbei/rcmd/song/history/list,POST/weapi,"repo-module,pkg-module,types,docs:/yunbei/rcmd/song/history",97e3ba978d4b3c381cec8451eaaa1c82446719c679d84f5936b022c3bed58012,pkg,true,true,false,云贝推歌历史记录,yunbei,medium,P2,reversible_write,user,cursor,pageToken,,,,,weapi,false,false,false,false,true,"size,cursor","[object Object],[object Object]",4,0,blocked_by_prerequisite,endpoints/ncm.yunbei_rcmd_song_history.md,AUTH_USER 账号缺失（B-002）；写操作/私有域已预授权但账号未到位
ncm.yunbei_receipt,yunbei_receipt,yunbei_receipt,/api/point/receipt,POST,"repo-module,pkg-module,types,docs-missing",ea3e6f7f5dde4b5344af5fcbcd319014cb0c79e67a904c1dde8ad07674aca085,pkg,true,true,false,,yunbei,medium,P2,reversible_write,user,offset,pageToken,,,,,,false,false,false,false,true,"limit,offset","[object Object],[object Object]",4,0,blocked_by_prerequisite,endpoints/ncm.yunbei_receipt.md,AUTH_USER 账号缺失（B-002）；写操作/私有域已预授权但账号未到位
ncm.yunbei_sign,yunbei_sign,yunbei_sign,/api/pointmall/user/sign,POST/weapi,"repo-module,pkg-module,types,docs:/yunbei/sign",7ea66a81efa6893bfa1ba5de6e5ae111d08d8694ebbb14526da760e39efa8268,pkg,true,true,false,,yunbei,medium,P2,reversible_write,user,none,,,,,,weapi,false,false,false,false,true,,,4,0,blocked_by_prerequisite,endpoints/ncm.yunbei_sign.md,AUTH_USER 账号缺失（B-002）；写操作/私有域已预授权但账号未到位
ncm.yunbei_task_finish,yunbei_task_finish,yunbei_task_finish,/api/usertool/task/point/receive,POST/weapi,"repo-module,pkg-module,types,docs:/yunbei/task/finish",116a69535c57cce4c32fbbf1b664eaa34ff5766ede83f7798bda884b7b6a66a8,pkg,true,true,false,,yunbei,medium,P2,reversible_write,user,none,,,,,,weapi,false,false,false,false,true,"userTaskId,depositCode",[object Object],4,0,blocked_by_prerequisite,endpoints/ncm.yunbei_task_finish.md,AUTH_USER 账号缺失（B-002）；写操作/私有域已预授权但账号未到位
ncm.yunbei_tasks,yunbei_tasks,yunbei_tasks,/api/usertool/task/list/all,POST/weapi,"repo-module,pkg-module,types,docs:/yunbei/tasks",1faab6ceb427478bdc34e61d08fcf70c8da9496aefbd9f8a4e015767393f8e23,pkg,true,true,false,,yunbei,medium,P2,read,user,none,,,,,,weapi,false,false,false,false,true,,,6,0,blocked_by_prerequisite,endpoints/ncm.yunbei_tasks.md,AUTH_USER 账号缺失（B-002）；写操作/私有域已预授权但账号未到位
ncm.yunbei_tasks_todo,yunbei_tasks_todo,yunbei_tasks_todo,/api/usertool/task/todo/query,POST/weapi,"repo-module,pkg-module,types,docs:/yunbei/tasks/todo",21451a6f86efb1937d8f7597bc62022019bb6206db05ed83b12c2463c4eb8073,pkg,true,true,false,,yunbei,medium,P2,read,user,none,,,,,,weapi,false,false,false,false,true,,,6,0,blocked_by_prerequisite,endpoints/ncm.yunbei_tasks_todo.md,AUTH_USER 账号缺失（B-002）；写操作/私有域已预授权但账号未到位
ncm.yunbei_today,yunbei_today,yunbei_today,/api/point/today/get,POST/weapi,"repo-module,pkg-module,types,docs:/yunbei/today",bbe868e87a5c8918e8c3a313fd754e9aa9bd4526482cb3534d650d6e01103e0f,pkg,true,true,false,,yunbei,medium,P2,read,user,none,,,,,,weapi,false,false,false,false,true,,,6,0,blocked_by_prerequisite,endpoints/ncm.yunbei_today.md,AUTH_USER 账号缺失（B-002）；写操作/私有域已预授权但账号未到位
ncm.comment_hotwall_list,comment_hotwall_list,comment_hotwall_list,direct-call,POST,"types,docs:/comment/hotwall/list",,repo,false,false,false,,comment,medium,P1,read,none,none,,"commentId,threadId",,,,,false,false,false,false,false,,,8,0,not_exported,endpoints/ncm.comment_hotwall_list.md,interface.d.ts 声明存在但无模块文件
ncm.user_safe,user_safe,user_safe,direct-call,POST,"types,docs-missing",,repo,false,false,false,,user,medium,P5,read,user,none,,"userId,uid",,,,,false,false,false,false,false,,,6,0,not_exported,endpoints/ncm.user_safe.md,interface.d.ts 声明存在但无模块文件
ncm.listen_together_status,listen_together_status,listen_together_status,direct-call,POST,"types,docs-missing",,repo,false,false,false,,together,medium,P5,read,none,none,,,,,,,false,false,false,false,false,,,6,0,not_exported,endpoints/ncm.listen_together_status.md,interface.d.ts 声明存在但无模块文件（对应模块 listentogether_status）
